title,dataset,source_file,prebirth_indicator_count,premortal_existence_info,pre_birth_realm_description,incarnation_choice,home_identification,identity_pre_body,death_memory,past_life_memory,return_reason,mission_commissioned,volunteer_language,mission_detail,notable_quotes
Girl has 8 NDEs and learns the purpose of suffering on Earth,iands,data\iands\girl-has-8-ndes-and-learns-the-purpose-of-suffering-on-earth.json,5,yes_explicit,yes_explicit,chose_mission,spiritual_realm,yes_explicit,not_mentioned,not_mentioned,earthly_mission,implied,implied,"Implied duty/work: 'I had promised. I had work to do even though it was really, really hard work.' Also framed as choosing/continuing an 'impossible life' to try not to fail.",'Remember exactly what they say.' / 'You don't have to go back. It's your choice.' / 'Earth is a place where the unlimited becomes limited; where the singular becomes many.' / 'Someone must. Why not me?'
Franziska R ADCs 7539 NDE 7539,nderf,data\nderf\03864_franziska-r-adcs-7539-nde-7539.json,5,yes_explicit,implied,chose_parents,spiritual_realm,yes_explicit,not_mentioned,no,earthly_mission,yes_explicit,no,"Repeated message from Andreas: there is 'a plan' and the experiencer is important for it; later Elage gives a specific task: 'tell the tour guide, that the accident was not his fault.' (He also said he had 'two tasks' but only one is stated.)","“I was a little ball of brilliant blue light, about 5 cm in diameter.” “This brook was the border to heaven.” “Now you have to forget everything what we discussed here! Only when you come back here again, you are allowed to remember it.” “You know that you shouldn't ask this question! Now we can never again meet here.” “I jumped against a kind of plasma or rubber wall. It was soft and flexible, was glowing in a golden orange color, and hurled me back.” “I was in total silence and total darkness.” “Oh, that love was indescribable.”"
Ann S NDE 2617,nderf,data\nderf\00852_ann-s-nde-2617.json,5,yes_explicit,yes_explicit,chose_mission,spiritual_realm,yes_explicit,not_mentioned,no,family_responsibility,not_mentioned,not_mentioned,,"""we were in line to be born""; ""The clicking happened every time someone was born""; ""I was so excited, I was going to be a human, I was going to be real""; ""when it ends, I want another chance, another go around""."
Healthy woman is given a visit to the afterlife after falling asleep,iands,data\iands\healthy-woman-is-given-a-visit-to-the-afterlife-after-falling-asleep.json,4,yes_explicit,implied,not_mentioned,spiritual_realm,yes_explicit,not_mentioned,no,no_reason_given,not_mentioned,not_mentioned,,"""This is the place I was before I was born!"" / ""OH MY GOD! I was back HOME"" / ""I understood without being told that if I crossed that line... there would be no coming back."""
Mary W FDE 2349 NDE 2349,nderf,data\nderf\00689_mary-w-fde-2349-nde-2349.json,4,yes_explicit,no,chose_mission,spiritual_realm,yes_explicit,not_mentioned,no,earthly_mission,yes_explicit,no,"She was shown 'what I still had left to do - the whole reason I came to Earth - the job I asked Him for', but says she could not remember the specifics afterward.","'Immediately time stopped - it became eternal.'; 'I was in my body but was taken out of Earth's time frame.'; 'My child, calm down, everything is just fine.'; 'Wait a minute young lady you get back here!'; 'Take your foot off the brake and floor the gas.'; 'I really want to go with you - but I have to stay.'"
Back Home,iands,data\iands\back-home.json,4,implied,implied,not_mentioned,spiritual_realm,implied,not_mentioned,not_mentioned,other,not_mentioned,not_mentioned,,"""You are not supposed to remember this!""; ""I knew that if I reached the top that I would be home.""; ""Mere words can't explain how breathtakingly fantastic it was."""
Heaven's Green Room,iands,data\iands\heaven-s-green-room.json,4,yes_explicit,yes_explicit,not_mentioned,spiritual_realm,implied,not_mentioned,no,earthly_mission,yes_explicit,yes_explicit,Guide conveyed messages/lessons from 'those in Heaven' and said the experiencer had previously volunteered/agreed (before birth) to serve as a messenger: to synthesize the teachings into human-understandable form and disseminate them on Earth.,"""At that moment I realized my consciousness was in two places at once.""; ""I wasn’t in Heaven per se... I was in the waiting area. Heaven’s green room.""; ""I was an atheist. No longer."""
Mom said I fainted,iands,data\iands\mom-said-i-fainted.json,4,implied,implied,not_mentioned,spiritual_realm,implied,not_mentioned,no,not_your_time,not_mentioned,not_mentioned,,"""I felt myself come out of my body.""; ""a vision/memory of a very beautiful city came to me""; ""That was my home.""; ""some being... a being of light""; ""Except time just doesn't exist the way we perceive it."""
Dot NDE 904,nderf,data\nderf\00372_dot-nde.json,4,yes_explicit,implied,chose_both,not_mentioned,implied,not_mentioned,not_mentioned,not_mentioned,yes_explicit,no,"“A higher power is showing us a mission to do… [shows] two ways to accomplish our mission… the main thing he is interested in is whether we will… do it the way he asks, yes or no.”","“There are dark shadows and it smells like sin, evil, and awfulness.”; “Ok, yes, I will do as you wish.”; “I will meet you here and there.”; “Some even said they will be my children in this life.”"
Janet B NDE 109,nderf,data\nderf\00536_janet-b-nde.json,4,yes_explicit,implied,not_mentioned,spiritual_realm,yes_explicit,not_mentioned,not_mentioned,not_mentioned,implied,no,Poem frames the NDE as 'a message from The Lord for me' and says: 'And now you're award is to pass along THE CALL.',"""I heard the word ""Jesus""""; ""from far out in the distance was a giant red ""blob""""; ""i'm up above the world (earth) and looking down at it from a northwest viewpoint""; ""juanita's back!!! We thought we sacrificed her!!!""; ""it was/is my home. I had been there forever.""; ""My home is goodness in every way beyond all words."""
Mark J NDE 2126,nderf,data\nderf\00560_mark-j-nde-2126.json,4,yes_explicit,yes_explicit,not_mentioned,spiritual_realm,yes_explicit,not_mentioned,not_mentioned,other,not_mentioned,not_mentioned,,"“I rode out of my body inside this last breath.”; “I was the air, which left my body.”; “The question was put in my mind, ‘Do you want to stay?’”"
Liver failure shows me all animals and plants have souls,iands,data\iands\liver-failure-shows-me-all-animals-and-plants-have-souls.json,4,yes_explicit,implied,chose_mission,not_mentioned,implied,not_mentioned,no,family_responsibility,not_mentioned,no,,"“I went through the tunnel of love…”; “There was no judgement, only reflection.”; “They showed me that all animals have souls… They also said that plants have a soul too.”; “There was no concept of time.”"
Multiple NDEr shares about wars in heaven and on earth,iands,data\iands\multiple-nder-shares-about-wars-in-heaven-and-on-earth.json,4,yes_explicit,yes_explicit,chose_mission,not_mentioned,yes_explicit,not_mentioned,no,family_responsibility,implied,not_mentioned,Felt they had 'agreed to help' a man seen on a rocky desert island shore; also decided to return thinking of their children and needing to be there for them; later teachings emphasized family roles and responsibilities.,"“I found myself looking down to see myself in the seat…”; “I also began to see in many different directions all at once.”; “Somehow I sensed that I should NOT look directly at him, because if I did I wouldn’t ever want to go back into my body.”; “For weeks after this NDE, the veil was still very thin with me.”; “I literally have memories of my Heavenly Father and my Heavenly Mother raising me in Heaven.”"
David A Probable NDE 216,nderf,data\nderf\01411_david-a-probable-nde.json,4,implied,implied,chose_mission,not_mentioned,implied,not_mentioned,no,other,not_mentioned,no,,"“Then, a sense of void and darkness surrounded me, and I could sense a presence watching me...” “I tried to move my arms and touch my face, but I had no arms or hands...” “I thought to myself that this is hell...” “I somehow knew I was in a woman's vagina, about to be born.” “I will forget everything and learn it all over again, and that there was no guaranty that I will be ok.” “I refused, and suddenly another being took my place in the womb.”"
Derry B NDE 198,nderf,data\nderf\01425_derry-b-nde.json,4,yes_explicit,implied,not_mentioned,spiritual_realm,implied,not_mentioned,no,other,yes_explicit,no,"To ""testify that the spirit world is real and beautiful"" and that ""Jesus is who he says he is,"" and to help self/others (including husband).","""The light was everywhere - it even passed through me!""; ""I was outside of it, looking at my body from above.""; ""I obviously could read their thoughts!""; ""I was given the choice that I could either come back to this earth... or stay with him there in Heaven."""
Sara V NDE 9582,nderf,data\nderf\05166_sara-v-nde-9582.json,4,yes_explicit,implied,not_mentioned,spiritual_realm,yes_explicit,not_mentioned,not_mentioned,earthly_mission,implied,no,"She felt she 'had to do other things on earth' and later increasingly dedicated herself to healing work, eventually becoming a full-time healer.","“At the bottom of this clearing of grass, there was a huge, majestic oak tree... I knew the tree was a doorway.”; “Suddenly a pure white, shining unicorn appeared in front of me.”; “I was in an in-between state, where I perceived another world and I wasn't perfectly connected to here.”"
Bristol O NDE 13171,nderf,data\nderf\05538_bristol-o-nde-13171.json,4,yes_explicit,yes_explicit,no_choice,spiritual_realm,yes_explicit,none,no,other,implied,no,Implied obligation to live in a way that connects to others and makes the story of life meaningful (to entice 'slumbering spirits' to want to live/struggle).,"""I was thrust suddenly into the darkness of space."" ""It occupied the entire expanse of reality."" ""We are all energetically intertwined into essentially a big 'us.'"" ""I would be placed 'in the back of the line.'"" ""I had forgotten how violent animation was."" ""Thank you, thank you, thank you."""
Kathy S,nderf,data\nderf\33102_kathy-s.json,4,yes_explicit,implied,not_mentioned,spiritual_realm,yes_explicit,not_mentioned,not_mentioned,family_responsibility,not_mentioned,no,,"""I hate it there. Please don’t make me go back.""; ""Oh yeah, Michael. I have to go back.""; ""You just 'know.'""; ""I command to be fully conscious here.""; ""But I know now death isn’t real."""
Christina C,nderf,data\nderf\33069_christina-c.json,4,implied,implied,not_mentioned,spiritual_realm,implied,not_mentioned,no,not_mentioned,not_mentioned,not_mentioned,,"""It is like floating in timelessness.""; ""During this, I saw a white light so bright it should have been blinding, but it wasn’t.""; ""I knew without any question that it was Source. I knew it was home.""; ""Another profound understanding that came with this was that there is no death.""; ""Today, I received a download from Source""; ""Earth is both our sandbox and our school."""
Randy W,nderf,data\nderf\33165_randy-w.json,4,yes_explicit,yes_explicit,chose_mission,not_mentioned,yes_explicit,not_mentioned,no,not_mentioned,yes_explicit,no,"Jesus: ""I will ask you to give a message to the world."" Later he reports being told to give the world two messages: (1) urge NDErs to share and urge institutions to recognize an afterlife; (2) work to make Earth ""as it is in heaven"" (feed the poor, heal the sick, remove greed/corruption, leaders with kindness/integrity/understanding).","""I knew immediately that the dream was so realistic it was not a dream but a memory.""; ""The following events happened before I was born.""; ""This soul wants to go to Earth. He has no title, no status, no preparation, nor any history.""; ""Earth is not an adventure and it is hard on the soul.""; ""I will ask you to give a message to the world. You will be branded a liar by your friends and family.""; ""Your kingdom come, your will be done, on earth as it is in heaven."""
Joyce G NDE and NDE 9301,nderf,data\nderf\04979_joyce-g-nde-and-nde-9301.json,4,yes_explicit,implied,not_mentioned,spiritual_realm,implied,none,no,no_reason_given,not_mentioned,not_mentioned,,"“I felt perfectly at Home there, as if this were my nest of origin and light!”; “I am inside here! This body is not me!”"
Laura Z Probable NDE 9118,nderf,data\nderf\04865_laura-z-probable-nde-9118.json,4,yes_explicit,implied,not_mentioned,spiritual_realm,yes_explicit,not_mentioned,not_mentioned,no_reason_given,implied,no,"Key message remembered: ""Have you considered love as an option?"" / ""The truth is love.""","""Have you considered love as an option?"" / ""The truth is love. And what you fear most is unconditional love."""
Philippe M NDE 13120,nderf,data\nderf\05511_philippe-m-nde-13120.json,4,yes_explicit,implied,not_mentioned,spiritual_realm,implied,not_mentioned,not_mentioned,not_your_time,implied,no,"He later interpreted the return as implying he 'must have a mission' and later felt guided: 'you should do something, you must put your skills at the service of these suffering souls.'","“This is our real world, our home!”; “No, this is not the time for you, you must come back.”; return felt like “a bungee jump, upside down.”"
Sterling K NDE 13104,nderf,data\nderf\05504_sterling-k-nde-13104.json,4,yes_explicit,implied,chose_mission,not_mentioned,yes_explicit,not_mentioned,not_mentioned,family_responsibility,yes_explicit,implied,"Told by his deceased father that he had 'much work' to do; his daughters and grandchildren needed him; he could not remain until his service with children, grandchildren, and friends was complete.","'Son, it's not your time yet.'; 'I love you son. We will be together again after your work is complete.'; 'The light itself is a place.'"
Joshua H,nderf,data\nderf\33140_joshua-h.json,4,yes_explicit,implied,not_mentioned,spiritual_realm,yes_explicit,not_mentioned,no,no_reason_given,no,no,,"“I was everything and nothing at once.” / “I sensed I was home – the place from which I came before birth, and the place to which we all return.” / “I’m back!”"
Tomás O Possible NDE 8857,nderf,data\nderf\04681_tom-s-o-possible-nde-8857.json,4,yes_explicit,implied,not_mentioned,spiritual_realm,yes_explicit,not_mentioned,no,not_mentioned,no,not_mentioned,,"Heard whispers: ""welcome"" and ""it's done"" (""se acabó""). Felt like returning ""to a mother who was not my mother... THE mother, an archetypal mother."" ""I felt my 'life force' leaving my body."" ""It's truer than what I'm seeing in my daily life."""
Cathleen C NDE 3735,nderf,data\nderf\01734_cathleen-c-nde-3735.json,4,yes_explicit,not_mentioned,chose_mission,spiritual_realm,yes_explicit,not_mentioned,not_mentioned,family_responsibility,no,no,,"“I immediately descended as if in a speeding elevator car.” “I WAS DEAD. I HAD BEEN CREATED BY GOD.” “the countless voices of many, many souls… only weeping and wailing.” “a gigantic hand came down… and lifted me out of that abyss.” “we talked at length… His thoughts instantly transferred to my consciousness and mine to His.” “there were millions and millions of doorways…” “picking a door would be my exit out of heaven and I would be born again out of the womb of some woman somewhere on Earth.” “He removes all memories of previous lives…” “I became so horrified, distressed, and depressed beyond words.”"
Victor B NDE 4081,nderf,data\nderf\01961_victor-b-nde-4081.json,4,yes_explicit,implied,not_mentioned,spiritual_realm,implied,not_mentioned,not_mentioned,not_your_time,no,no,,'Angels!' ; 'You have to go back. This is not for you.' ; 'I was literally sucked back into my crumpled body.'
Jack A NDE 16003,nderf,data\nderf\02095_jack-a-nde-16003.json,4,yes_explicit,yes_explicit,not_mentioned,spiritual_realm,yes_explicit,not_mentioned,not_mentioned,no_reason_given,not_mentioned,no,,“two hours and fifty-four minutes I remained clinically dead... I spent one hundred and fifty five active and healthful years creating art and architecture on ‘the other side.’”
Chantal T NDE 4031,nderf,data\nderf\01940_chantal-t-nde-4031.json,4,yes_explicit,no,chose_mission,spiritual_realm,yes_explicit,not_mentioned,not_mentioned,earthly_mission,yes_explicit,no,"Told she had not completed what she had to do yet; urged to think of her husband and children; statements included 'Truth shall spread, men shall wake up' and 'Planet Earth shall be saved.'","“Time has come to go.” “You did not complete what you had to do yet.” “Think to A. (my husband) and to the children.” “You shall be helped.” “Truth shall spread, men shall wake up.” “Planet Earth shall be saved.”"
"My Son, My Light",iands,data\iands\my-son-my-light.json,4,yes_explicit,yes_explicit,not_mentioned,spiritual_realm,yes_explicit,not_mentioned,no,not_your_time,not_mentioned,not_mentioned,,"“I’m going to die.”; “I had come home.”; “If you had only known I was here, you never would have had to go through this.”; “My child, you mustn’t take things so seriously.”; “You must return.”; “Your life is not completed.”; “My child, I have given you the gift of love.”; “Now I know.”"
Tim V NDE 4375,nderf,data\nderf\02169_tim-v-nde-4375.json,4,implied,implied,not_mentioned,spiritual_realm,implied,not_mentioned,no,no_reason_given,no,no,,"“welcome me home, not to worry we will take good care of you” / “Trust in God and pray.” / “I came away from this experience knowing that we're from there not here.”"
Brice W NDE 4906,nderf,data\nderf\02506_brice-w-nde-4906.json,4,yes_explicit,implied,no_choice,spiritual_realm,yes_explicit,none,not_mentioned,earthly_mission,yes_explicit,no,Exit/transition was 'for the purpose of rousing transcendent awareness that would gradually unfold upon return'; guidance would come in increasingly recognizable form; would become aware as he was then even while in the body.,"""I observed the body surrounded by a surgical team, then the hospital from above, then the hospital surrounded by wintering cornfields."" ""In space, it was not cold or particularly dark or foreign, but somehow familiar and vaguely pleasing."" ""I was lovingly advised that this was my choice"" ""It was like rousing from a dream."" ""(It was actually clear then, as it is now, that we aren't really 'in' bodies - they are perhaps more like stiff mittens covering and restraining a tiny portion of ourselves)."""
Jim W NDE 4485,nderf,data\nderf\02252_jim-w-nde-4485.json,4,yes_explicit,implied,chose_mission,not_mentioned,yes_explicit,not_mentioned,no,not_mentioned,not_mentioned,implied,,"“I saw my life pass before me in rapid succession.”; “At some point after this, I had a remembrance or knowledge of being in heaven before I was ever born, and being offered a selection of a time to come live on earth. I chose the time after WWII because I thought it would be a great time to live.”; “I clearly remember this occasion of choice and it was not a dream.”"
Stanley P NDE 4598,nderf,data\nderf\02321_stanley-p-nde-4598.json,4,yes_explicit,yes_explicit,chose_mission,not_mentioned,implied,none,not_mentioned,other,not_mentioned,implied,,"""Then I went to the beginning, by that I mean to a place before the universe existed.""; ""There was an overwhelming sense of serenity where all the souls that exist are in a sea of souls...""; ""I was individual yet part of a larger whole.""; ""My soul fell back through a dark tunnel except for a thin shower of individual photons that smarted like sand in a wind.""; ""How can this still be here after all that time?"""
Debra M Probable NDE 6933,nderf,data\nderf\03479_debra-m-probable-nde-6933.json,4,yes_explicit,implied,not_mentioned,spiritual_realm,yes_explicit,not_mentioned,not_mentioned,earthly_mission,yes_explicit,no,"Sent back into the living world ""to finish out what God had intended it to do""; spirits are in the flesh ""for a purpose.""","""I actually went up and back from where I call 'home' three different times.""; ""I can recall being pulled or drawn to a very compelling bright light: spinning around very quickly.""; ""When I went into the light, I had no doubt that God was present.""; ""I possessed a different spirit, one of a boy in fact.""; ""In effect, Debra had died, and was never to return."""
Roger F NDE 4667,nderf,data\nderf\02364_roger-f-nde-4667.json,4,yes_explicit,implied,not_mentioned,spiritual_realm,yes_explicit,not_mentioned,not_mentioned,no_reason_given,not_mentioned,not_mentioned,,"“welcomed” Home; “It was I, and yet, I was everyone else at the same time.”; “the Eternal Now”"
Shana S NDE 6790,nderf,data\nderf\03386_shana-s-nde-6790.json,4,yes_explicit,implied,not_mentioned,spiritual_realm,yes_explicit,not_mentioned,not_mentioned,not_mentioned,implied,not_mentioned,"Repeated exhortations to write, pray, communicate, and serve God (e.g., “Write, write, pick up your pen and write… Serve Him, love Him, pray to Him, and write to Him.”).",“Before you were home with God and you will return there when it's time.”
Angela B STE 9268 NDE 9268,nderf,data\nderf\04957_angela-b-ste-9268-nde-9268.json,4,yes_explicit,implied,not_mentioned,spiritual_realm,implied,not_mentioned,not_mentioned,not_mentioned,no,no,,"'Dear God, please don't let me die. I want to be a mother and a wife.'; 'You're going to be ok, you're going to be ok, you're going to be ok.'; 'This must be God.'; 'Take me.'"
Louise L Pre-birth 9071 NDE 9071,nderf,data\nderf\04831_louise-l-pre-birth-9071-nde-9071.json,4,yes_explicit,implied,chose_mission,not_mentioned,yes_explicit,not_mentioned,not_mentioned,other,no,not_mentioned,,"Entities asked: ""What do you want to do?"" She replied: ""I want to come, and to make it."" She was ""whooshed"" back into the baby’s body. Later: ""Please don’t let me sleep, as I won’t come back."" ""Real, real, real."""
Annalise E NDE 9115,nderf,data\nderf\04862_annalise-e-nde-9115.json,4,yes_explicit,implied,not_mentioned,spiritual_realm,implied,not_mentioned,not_mentioned,no_reason_given,not_mentioned,not_mentioned,,"“I did not exist as a body, but was energy.” / “There is no human word for how amazing and peaceful this state of being feels.” / “This place was familiar, like I had been here before. I may have even come from here.”"
Jeffrey C NDE 8024,nderf,data\nderf\04167_jeffrey-c-nde-8024.json,4,yes_explicit,implied,chose_both,not_mentioned,yes_explicit,not_mentioned,no,other,no,yes_explicit,,"'It’s alright, we’ll save you.'; 'Don’t do it. You’ll regret it. You’ll be lost forever.'; 'Say the words, Jesus Christ my savior in heaven, please save me.'; 'Who told you it was going to be a fair world?'; 'My son, I can not cause pain to another, I can only heal those who are broken.'; 'No one can see God.'; 'Give me a chance, give me a chance to make it right in the end.'"
Catherine T NDE 8835,nderf,data\nderf\04671_catherine-t-nde-8835.json,4,yes_explicit,yes_explicit,not_mentioned,spiritual_realm,yes_explicit,not_mentioned,not_mentioned,not_your_time,yes_explicit,not_mentioned,"Beings impressed upon her 'love and support' and 'all of the things I am to do before returning home again' (mentions future work: podcast, blog, travels for teaching).","“You’re not supposed to be here yet. You will come back again, but you cannot stay here now. You must breath, and you must and wake up. Now.” / “The only way I can describe the 'coming back' process is if you can imagine having your soul, spirit, or essence, stuffed into a goldfish's body, and then dropped into a fish bowl.”"
Ray C Probable NDE 8621,nderf,data\nderf\04547_ray-c-probable-nde-8621.json,4,yes_explicit,implied,not_mentioned,spiritual_realm,yes_explicit,not_mentioned,not_mentioned,not_your_time,no,no,,"“I understood that the light that I was looking at, was my own.”; “There is no start or ending and there is no time in between. You can be anywhere or everywhere all at once.”; “There is no hate or judgement. There is no pain.”; “The love we can understand here at its maximum, is only a grain of sand in a desert compared to the love you have over there.”"
Ingrid H NDE 8440,nderf,data\nderf\04434_ingrid-h-nde-8440.json,4,yes_explicit,implied,not_mentioned,spiritual_realm,yes_explicit,not_mentioned,not_mentioned,not_mentioned,no,no,,"""Then suddenly came a feeling of total relief."" / ""This was my own lifeless body."" / ""Time and distance had vanished for me; I could be anywhere at any time."" / ""I was a being made of pure light."" / ""Suddenly I was falling... being sucked back into my body like it was a vacuum."""
Mohammad Z NDE 16083,nderf,data\nderf\03991_mohammad-z-nde-16083.json,4,yes_explicit,implied,not_mentioned,spiritual_realm,yes_explicit,not_mentioned,no,earthly_mission,implied,no,He was reminded of 'responsibilities back on the earth' and shown that returning would 'help many other people and help them to see the Light.',"""Am I dead? Is this my body on the bed?""; ""I have a transparent and illuminated body.""; ""I passed very fast through a tunnel and moved towards a bright light at the end of tunnel.""; ""I felt that this is my true home and I belonged there.""; ""My presence on earth looked like a deportation to a stranger, an isolated island.""; ""Resuscitation unsuccessful, the patient is pronounced dead at …."""
"All is Everything, Everything is One",iands,data\iands\all-is-everything-everything-is-one.json,3,yes_explicit,not_mentioned,chose_mission,not_mentioned,yes_explicit,not_mentioned,no,family_responsibility,not_mentioned,not_mentioned,,"""All is everything, everything is one."""
Heart attack leads to teachings about dimensions by Higher Self,iands,data\iands\heart-attack-leads-to-teachings-about-dimensions-by-higher-self.json,3,implied,not_mentioned,not_mentioned,spiritual_realm,implied,not_mentioned,no,earthly_mission,implied,implied,He later concludes his purpose for returning was to inform others (through books) about establishing conscious communication with 'the other side.',"“You now have a choice. You can come Home with me, or you can return to your body and to your life. What do you choose to do?”; “No, there are some things I would still like to do in this lifetime, so I choose to return to my body and my life.”; “Its 10:30am, May the Fourth… be with you!”"
Guided to Do Out of Love,iands,data\iands\guided-to-do-out-of-love.json,3,implied,not_mentioned,not_mentioned,spiritual_realm,implied,not_mentioned,no,earthly_mission,yes_explicit,no,"Angel told him his ""mission was not done"" (he says he still does not know what it is).","""Relax everything is going to be okay.""; ""You never die.""; ""It's the things that I do out of love that count.""; ""Some how I knew I was home.""; ""that world is more real than this one"""
Aslan the cat and forgiveness,iands,data\iands\aslan-the-cat-and-forgiveness.json,3,implied,no,not_mentioned,spiritual_realm,implied,not_mentioned,no,not_your_time,not_mentioned,not_mentioned,,"""Wow, I'm home again.""; ""We must stop meeting this way""; ""Look, you keep coming back but it's not your time""; ""Damn, do I have to go back again into that hellhole?"""
"Archive through September 08, 2002 - Anonymous (Sunday, September 8, 2002 - 11:28 pm)",iands,data\iands\archive-through-september-08-2002-001.json,3,yes_explicit,not_mentioned,chose_mission,spiritual_realm,not_mentioned,not_mentioned,not_mentioned,no_reason_given,not_mentioned,no,,"""After closing my eyes, the next recollection was myself being... enveloped in, PURE UNCONDITIONAL LOVE.""; ""I did not want to return... I argued.""; ""I found myself crying out 'nooo' as I glided backwards through the Universe.""; ""I already have and was sent back. I have no fear of death.""; ""this planet is based on duality. Hence negativity exists."""
"Archive through January 3, 2005 - Anonymous (Tuesday, October 26, 2004 - 11:07 am)",iands,data\iands\archive-through-january-3-2005-008.json,3,yes_explicit,not_mentioned,not_mentioned,spiritual_realm,yes_explicit,not_mentioned,no,no_reason_given,no,no,,"“It’s a bit like trying to depict a magnificent sunset, by drawing it in sand with a stick.”; “In fact it was far more real than normal waking consciousness.”; “I could see every part of my life, every event and instance all at once.”; “A hundred times, a thousand times brighter than the sun.”; “I walked around the house saying ‘that was no dream!’”"
"Archive through July 15, 2002 - Anonymous (Monday, July 15, 2002 - 11:58 pm)",iands,data\iands\archive-through-july-15-2002-001.json,3,yes_explicit,not_mentioned,chose_mission,spiritual_realm,not_mentioned,not_mentioned,not_mentioned,other,yes_explicit,no,"She was shown “why I came to Earth” and “what I still had left to do,” but could not remember the specifics after choosing to stay.","""Immediately time stopped …it became eternal.""; ""I was being hugged, big time!""; ""My child, calm down, everything is just fine.""; ""Do you want to stay or go?""; ""But I have to stay.""; ""Take your foot off the brake and floor the gas."""
"Archive through March 30, 2004 - Anonymous (Tuesday, March 30, 2004 - 09:17 pm)",iands,data\iands\archive-through-march-30-2004-011.json,3,implied,no,not_mentioned,spiritual_realm,implied,not_mentioned,not_mentioned,not_mentioned,not_mentioned,not_mentioned,,"""I suddenly found myself in a waiting area, it was like a room with no dimensions, but filled with the beautiful light that has no source."" ""It was like going home."" ""When I came back, it was painful."""
"Archive through May 22, 2002 - Anonymous (Monday, May 13, 2002 - 08:56 pm)",iands,data\iands\archive-through-may-22-2002-019.json,3,yes_explicit,yes_explicit,not_mentioned,not_mentioned,yes_explicit,not_mentioned,not_mentioned,not_mentioned,not_mentioned,not_mentioned,,"""I next found myself in a dark tunnel.....at the end of the tunnel was a bright light...""; ""someone...or...something was closing the door and the light was disappearing""; ""I just managed to put my hand on the door and push ! It opened in time""; ""I came around shouting.... I can see you""; ""I remember the time prior to my birth...I was in a huge room...it was dimly lit...a voice called me""; ""it’s your turn.... go down and give them a message from me.... tell them I am alive and well""; ""god is alive and well...and this is a super holiday we are on...make sure you give more than you take...and hell could only be...to be kept from the light"""
"Archive through August 11, 2003 - Anonymous (Tuesday, July 1, 2003 - 10:49 pm)",iands,data\iands\archive-through-august-11-2003-022.json,3,yes_explicit,not_mentioned,chose_mission,spiritual_realm,not_mentioned,not_mentioned,no,not_mentioned,no,yes_explicit,,"""I was swimming in an ocean of pure Love.""; ""They VOLUNTEERED for this demanding curriculum.""; ""We asked for our 'life assignments' before we were born.""; ""Everything..every single thing that ever happens here on earth is designed to help souls grow."""
"Archive through August 11, 2003 - Anonymous (Tuesday, July 1, 2003 - 11:00 pm)",iands,data\iands\archive-through-august-11-2003-021.json,3,yes_explicit,not_mentioned,chose_mission,not_mentioned,yes_explicit,not_mentioned,no,family_responsibility,implied,yes_explicit,Felt a covenant/mission connected to raising/protecting/teaching daughter; also that husband/son/self had 'tasks to fulfill together' and that experiencer would be a 'catalyst' for them; later urgency about making the world better through ministry.,"""Welcome, little one."" / ""You may stay...if you choose to."" / ""God is not like that; God is love."" / ""I knew I was a volunteer for this life: I DID ask to get born!"""
Ellen K NDE 2213/6178 NDE 6178,nderf,data\nderf\00615_ellen-k-nde-2213-6178-nde-6178.json,3,yes_explicit,not_mentioned,not_mentioned,spiritual_realm,implied,not_mentioned,not_mentioned,family_responsibility,not_mentioned,no,,“golden vortex”; “ultimate Father of all”; “could have done better.”; “Hell is a myth!”
Hilde B Probable NDE 4419,nderf,data\nderf\02209_hilde-b-probable-nde-4419.json,3,implied,not_mentioned,not_mentioned,spiritual_realm,implied,not_mentioned,no,earthly_mission,yes_explicit,no,"She ""had to return"" to finish a task: ""forgiveness, to heal and to love"".","""No more pain. Death is merciful."" ""Soaring through pitch black space of profound peace."" ""She was part of all there is She was home."" ""There was no tunnel of light, no angels to greet her."" ""She had to return to her body To finish a task. of forgiveness, to heal and to love"" ""Soul is eternal."""
Laura M NDEs 6235 NDE 6235,nderf,data\nderf\02995_laura-m-ndes-6235-nde-6235.json,3,yes_explicit,not_mentioned,chose_mission,not_mentioned,yes_explicit,not_mentioned,no,earthly_mission,yes_explicit,no,Told she needed to return 'to complete my life's mission' and later that the experience was something she needed 'to accomplish your chosen life mission.',"“I was in a place of tremendous energy; a great black void, but I was not fearful.” “Then I was with Him and enveloped in such a great light and love it defies description.” “communication was purely exchanged through the language of love.” “The decision will of course be yours! But first let me show you some things.” “You made a covenant to fill these rolls in each other's Earth life.” “My life flashed before me; a life review was in order.” “There Was no judgment only love coming from Him.” “Everything… was made in love for you!” “the only thing I would get to bring back with me was love; the love I gave away.”"
JoAnn M NDE 186,nderf,data\nderf\00638_joann-m-nde.json,3,implied,not_mentioned,not_mentioned,spiritual_realm,implied,not_mentioned,no,earthly_mission,yes_explicit,no,Told by God she must return because her 'mission here wasn't complete'; later framed as: 'you haven't loved enough' and to 'let people know that death is not to be feared and the transition is a glorious one.',"“black, velvety tunnel, a color black I had never seen”; “It was as if I had no sense of self, that I was everything and everything was me, including God.”; “you haven't loved enough”; “death is not to be feared and the transition is a glorious one.”; “It very kindly said no.”"
Gary A NDE 2630,nderf,data\nderf\00858_gary-a-nde-2630.json,3,implied,no,not_mentioned,spiritual_realm,implied,none,no,not_your_time,not_mentioned,no,,“I was traveling towards an almost globe of light (a bubble) that I knew contained all that was known.”; “it was not my time and that I had a very long life to live.”; “God don't let me die!”
Jennifer V NDE 3318,nderf,data\nderf\01153_jennifer-v-nde-3318.json,3,implied,not_mentioned,not_mentioned,spiritual_realm,implied,not_mentioned,no,earthly_mission,yes_explicit,no,"Told to return to help an injured man in the car wreck: pick up his severed nose, press it onto his face to stop bleeding, walk him up the right side of the road, flag a car, go to ECM hospital, keep him calm.","""I felt that I had returned HOME!""; ""I am Sorry, but you must return.""; ""Jennifer, you must go back and help.""; ""Swoosh, I am back into my body!"""
John C Probable NDE 4018,nderf,data\nderf\01927_john-c-probable-nde-4018.json,3,yes_explicit,yes_explicit,not_mentioned,not_mentioned,implied,not_mentioned,not_mentioned,not_mentioned,not_mentioned,not_mentioned,,"""My life did 'flash' before me; however, this 'review' did not stop at my birth.""; ""As I awoke from my coma in my hospital bed, I looked at my wife and said 'Is it okay if I go back?'""; ""When you are close to God, it is significantly peaceful and beautiful.""; ""Life' does not end when we die; we carry on in spirit."""
DW NDE 3587/6106 NDE 6106,nderf,data\nderf\01615_dw-nde-3587-6106-nde-6106.json,3,implied,not_mentioned,not_mentioned,spiritual_realm,yes_explicit,not_mentioned,no,not_your_time,no,no,,"'I did not ""die."" You will not ""die."" My body was dead. ""I"" was still alive.'; 'I was HOME.'; 'As I made you, I did you perfectly!'; 'I had to go back; this was not my time.'; 'It was just - Poof! - I was back.'"
Hafur NDE 3558,nderf,data\nderf\01609_hafur-nde-3558.json,3,yes_explicit,not_mentioned,chose_mission,not_mentioned,yes_explicit,not_mentioned,not_mentioned,family_responsibility,not_mentioned,yes_explicit,,"'Through love you will understand everything. The essence, the essence, the essence...'; 'We live in a ""Plural Unity"" or ""Oneness"".'; 'When I returned to this life, I felt I had fallen into a very heavy space, and that my body was as lead and my mind was the same and very slow.'"
Phillip H NDE 3191,nderf,data\nderf\01223_phillip-h-nde-3191.json,3,yes_explicit,yes_explicit,not_mentioned,not_mentioned,yes_explicit,not_mentioned,not_mentioned,not_mentioned,not_mentioned,not_mentioned,,"""I heard nothing and felt nothing."" / ""I found myself standing outside with a dark gray appearance that darkened my view"" / ""Where are my brothers"" / ""I found myself with my hands up to my head, blood running into my eyes."""
Erika K NDE 3400,nderf,data\nderf\01339_erika-k-nde-3400.json,3,yes_explicit,not_mentioned,chose_mission,not_mentioned,yes_explicit,not_mentioned,not_mentioned,not_mentioned,implied,not_mentioned,"Shown ""the importance of the future of my life as a human"" and that each person plays an important part; that not fulfilling one's life plan impacts the whole.","“leaving my body and suddenly being in a place surrounded by the purest form of love, which permeated everything”
“we were all connected to each other and if our life's plan is not fulfilled how it impacts the whole.”
“I was then given the choice to stay or return. I chose to return.”
“I somehow knew that we are reincarnated many times”"
Maria S NDE 2671,nderf,data\nderf\00892_maria-s-nde-2671.json,3,implied,no,not_mentioned,spiritual_realm,implied,not_mentioned,no,not_your_time,implied,no,She states there was a purpose she didn't understand; her obsession was not to forget who she is.,“How funny. The car dies right in front of a cemetery!”; “NO!”; “You have to return.”
Sharon D NDE 2934,nderf,data\nderf\01022_sharon-d-nde-2934.json,3,yes_explicit,not_mentioned,no_choice,spiritual_realm,yes_explicit,not_mentioned,not_mentioned,earthly_mission,not_mentioned,no,,"“I passed through into the light.” “I did not see anything or anyone except my own life review.” “There was nothing but illumination, knowledge of the age's future, past, all that will be and has been.” “Do you want to come back, go back, be back in your body?”"
"Suddenly I remembered EVERYTHING - who I was, what my life was about, what home was",iands,data\iands\suddenly-i-remembered-everything-who-i-was-what-my-life-was-about-what-home-was.json,3,implied,not_mentioned,not_mentioned,spiritual_realm,yes_explicit,not_mentioned,not_mentioned,no_reason_given,not_mentioned,not_mentioned,,"""Then suddenly, I was outside of my body and it was totally dark."" ""Before me was a pulsing light with yellow and pink tones."" ""I could see a beautiful glow off in the distance and suddenly remembered EVERYTHING! Who I was, what my life was about, what 'home' was - everything!."" ""I was so angry to be back in my body!"" ""This experience is more clear than any memory, any dream, any other experience I've ever had."""
Phillip S NDE 961,nderf,data\nderf\00414_phillip-s-nde.json,3,yes_explicit,implied,not_mentioned,not_mentioned,yes_explicit,not_mentioned,no,not_your_time,yes_explicit,not_mentioned,"God “told me exactly what my purpose should be,” but the purpose/knowledge was then taken and is not remembered.",“How did you serve your fellow man?”; “I was dead for nearly four hours.”; “It felt as if I was in heaven for days and days.”
Linda B NDE 1030/10084/10085 NDE 10085,nderf,data\nderf\00455_linda-b-nde-1030-10084-10085-nde-10085.json,3,yes_explicit,not_mentioned,not_mentioned,spiritual_realm,yes_explicit,not_mentioned,no,not_your_time,implied,no,"Told to ""Search for My face. Search for My truth... Continue to search all the days of your life, never stop questioning."" Also given a ""special name"" as a sign of God's presence.","""In an instant I was transported to a tunnel or hallway filled with pure, beautiful blue/white light.""; ""YOU CANNOT GIVE HIM TO ME FOR HE IS ALREADY MINE!""; ""I have given you a name from your birth. When you hear this name spoken, you will know that I am with you.""; ""Search for My face. Search for My truth... Continue to search all the days of your life, never stop questioning."""
Lisa M NDE 47,nderf,data\nderf\00169_lisa-m-nde-47.json,3,not_mentioned,not_mentioned,chose_mission,spiritual_realm,implied,not_mentioned,not_mentioned,earthly_mission,yes_explicit,yes_explicit,"Purpose: 'learn more about love, compassion, and how to express them on earth' and 'help other people in any way I could.'","'This was my home, the place that was really my home.'; 'Never forget, in reality there is no time, only eternity itself.'; 'Love was all that was really important, only love was real.'"
Tony D NDE 693,nderf,data\nderf\00215_tony-d-nde.json,3,yes_explicit,not_mentioned,not_mentioned,spiritual_realm,yes_explicit,not_mentioned,not_mentioned,no_reason_given,not_mentioned,not_mentioned,,"""I recognized that I knew him before I came in here, into this body."" ""I actually remembered knowing him even before this universe was created."" ""The communication was in whole concepts."" ""I could see all around, front, back sideways."" ""I knew that I was home."""
Spirit Communication,iands,data\iands\spirit-communication.json,3,implied,not_mentioned,not_mentioned,spiritual_realm,implied,not_mentioned,not_mentioned,earthly_mission,implied,no,"He believed he returned ""to testify about the beauty of the spirit world"" and to help others (including his husband), and to relate a message about Jesus.","""There was a bright mist permeating everything."" ""The light was everywhere; it even passed through me."" ""When Jesus and I talked it wasn't with our mouths, but I knew we were communicating."" ""I was given the choice that I could either come back to earth and live more life or stay with him in heaven."" ""Look, I'm alive. I'm in here. I'm going to live."""
Oneness is Reality,iands,data\iands\oneness-is-reality.json,3,yes_explicit,no,not_mentioned,spiritual_realm,yes_explicit,not_mentioned,no,family_responsibility,not_mentioned,no,,"“Stop interfering, let the machine breathe you, all you have to do is be here.” / “I went into a flow of oneness that I think is God … it is a state of bliss where I am all there is.” / “Life on earth is the dream and this oneness/bliss is the reality…” / “It’s time for you to go back now.”"
Not A Dream,iands,data\iands\not-a-dream.json,3,yes_explicit,implied,not_mentioned,not_mentioned,implied,not_mentioned,not_mentioned,family_responsibility,not_mentioned,not_mentioned,,"""Gee, this is so easy, why didn't I think of doing this before?""; ""But my parents will be so sad they'll never get over it.""; ""I must have been dreaming.""; ""Yet I knew I wasn't dreaming when it happened.""; ""If it wouldn't have been for penicillin, your daughter would have died."""
New Zealand school girl meets mother figure in The Real Place,iands,data\iands\new-zealand-school-girl-meets-mother-figure-in-the-real-place.json,3,implied,not_mentioned,not_mentioned,spiritual_realm,implied,not_mentioned,not_mentioned,not_your_time,no,no,,“I'm back!”; “The Real Place”; “This Place”; “Words cannot describe how I knew… that 'This Place' was the actual reality.”
Nichole BD NDE 7417,nderf,data\nderf\03774_nichole-bd-nde-7417.json,3,implied,not_mentioned,not_mentioned,spiritual_realm,implied,not_mentioned,no,earthly_mission,implied,no,She believed she was shown the experience “so I could carry on KNOWING what we are truly made of… I think I was given this blessing so I could share it with others… Now I try to help others to Just BE LOVE.”,"“It was just wave after wave of pure love. It was within me, it was around me, it was EVERYTHING.” / “I knew I had a choice. To keep going forward or to go back.” / “NO, LET ME GO BACK! WANT TO GO BACK!”"
Nicole E Friend Experience 32304 NDE 32304,nderf,data\nderf\03679_nicole-e-friend-experience-32304-nde-32304.json,3,yes_explicit,implied,not_mentioned,not_mentioned,yes_explicit,not_mentioned,no,not_mentioned,not_mentioned,not_mentioned,,"“he remembers watching everyone from up in the sky, and being in his mother's belly before he was born.”
“He said that when he was waiting to be born, he was invisible and he was in my grey car with me on the way to the hospital while I listened to the song, 'Winter, Spring, Summer or Fall.'”
“He said that he wanted me for his mommy because he liked my voice when I was speaking to the attendant.”
“he asked God if I could be his mom because he knew that his 'real mom' wouldn't survive very long, and he was afraid of being alone on Earth.”
“Apparently, he was told that he couldn't have me for his 'real mom' but that everything would be OK and he would still get to be around me during his life.”
“It's OK. My life did turn out OK; so don't worry about not being my mom.”"
Hannah F NDE 7202,nderf,data\nderf\03655_hannah-f-nde-7202.json,3,implied,no,not_mentioned,spiritual_realm,implied,not_mentioned,no,no_reason_given,no,no,,"“In my experience, I was ME but I wasn't 'HANNAH'.” / “It's time to go back now.” / “Jesus/God emits feelings of love and peace, and near them is where our home really is.” / “Also that pain is the best reminder of earth.”"
John K STE 7161 NDE 7161,nderf,data\nderf\03628_john-k-ste-7161-nde-7161.json,3,implied,no,not_mentioned,spiritual_realm,implied,not_mentioned,no,not_mentioned,no,no,,"“I’m here for you, my child. I love you completely. You are my child, and I am your Father.” / “There is nothing you could possibly say or do to separate you from my love. You are perfect and will always be perfect.” / “when he called me by my real name, I recognized it instantly and knew that I was home, and I’d been there before.” / “I know for a fact that this was the most real experience I’ve ever had, more real than the life I live now.”"
Nigel O NDE 7098/9032 NDE 9032,nderf,data\nderf\03583_nigel-o-nde-7098-9032-nde-9032.json,3,yes_explicit,no,not_mentioned,spiritual_realm,yes_explicit,none,no,family_responsibility,yes_explicit,no,"Told he could “go back and fulfill my job, cause or mission.”","“You have done enough; you can come over.” “No vocabulary can describe the feelings, the 'Presence,' or the place.” “I felt a profound sense of loss for leaving the 'place' and having to return to this life.”"
Kathy VB NDE 7157,nderf,data\nderf\03623_kathy-vb-nde-7157.json,3,yes_explicit,implied,not_mentioned,not_mentioned,implied,not_mentioned,no,not_mentioned,no,no,,"“So this is how I am going to die.” / “I became the word ‘peace’ and the word ‘love’ feeling intensely loved unconditionally…” / “I was able to open my eyes under the water and see clearly. Beautiful colors, a brightness of white light…” / “I felt as if I was in the water, struggling and at the same time able to watch what was happening on the beach from above.” / “you are safe, loved and everything is perfect.”"
Marina R Probable NDE 6702,nderf,data\nderf\03335_marina-r-probable-nde-6702.json,3,yes_explicit,implied,not_mentioned,not_mentioned,yes_explicit,not_mentioned,no,not_mentioned,no,no,,"“I am consciousness, but not yet with a body.”; “I was very aware that there wasn’t anybody there to receive me.”; “I am above the incubator. I can see this little scrawny wrinkled red baby full of tubes and tape.”"
Bolette L NDE 5437,nderf,data\nderf\03379_bolette-l-nde-5437.json,3,implied,no,chose_mission,not_mentioned,implied,not_mentioned,no,family_responsibility,yes_explicit,no,"She was instructed to return, take care of her health, forgive, and was told she would later write and publish books and work in something completely different, with different future goals.","“Then I died, in silence and calm, by feeling and observing myself slipping out of my body, out of the back of my head.”
“It felt so nice, soft and loving.”
“We communicated with the use of our thoughts and mind.”
“Mom, you promised me to be my mother in this life! Otherwise I wouldn’t be here!”
“It only took a split-second to come back and it hurt incredibly to get back in my body.”"
Donna G NDE 6463,nderf,data\nderf\03172_donna-g-nde-6463.json,3,yes_explicit,not_mentioned,not_mentioned,spiritual_realm,yes_explicit,not_mentioned,not_mentioned,other,not_mentioned,no,,"“We are Escort Angels… We have come to take you home.” / “There is something you must do before you can leave.” / “I plunged headfirst into the navel, and it was like diving into wet concrete.”"
Peter N NDE 6584/10105 NDE 10105,nderf,data\nderf\03253_peter-n-nde-6584-10105-nde-10105.json,3,implied,not_mentioned,not_mentioned,spiritual_realm,implied,not_mentioned,no,no_reason_given,no,no,,"Unseen voice in blackness: ""It's okay. They'll be fine. Nothing can hurt them. They cannot even be touched."" Sense of home: ""being home and now completely safe"". Light/Being: ""The singular property of this light was one of absolute love."" Judgment criterion: ""What is, was, the essence of your love?"" Rock communication: ""I will see you (or meet you) again later."""
Brian T Probable NDE 6609,nderf,data\nderf\03273_brian-t-probable-nde-6609.json,3,yes_explicit,not_mentioned,not_mentioned,spiritual_realm,yes_explicit,not_mentioned,no,no_reason_given,no,no,,"“That was no dream!”; “far more real than normal waking consciousness.”; “I could see every part of my life, every event and incident all at once.”; “a radiant Being of pure light… a thousand times brighter than the sun.”"
Elena Possible NDE 5425,nderf,data\nderf\03261_elena-possible-nde-5425.json,3,implied,no,not_mentioned,spiritual_realm,yes_explicit,not_mentioned,no,no_reason_given,no,no,,"“I exited out of my body from my ribs, around my solar plexus...” “I saw myself in the form of a small pink cloud...” “No fear, no pain, complete 'comfort'.” “It's time to go back!” “No, no, I don't want to, I like it here!” “It was as if a wave pushed me along...”"
Gwen J NDE 6429,nderf,data\nderf\03156_gwen-j-nde-6429.json,3,implied,not_mentioned,not_mentioned,spiritual_realm,implied,not_mentioned,not_mentioned,not_mentioned,not_mentioned,not_mentioned,,"“I had completely merged again with God. It was a void, darkness, but unconditional love. I was no longer a separate being. I was where I belonged, where I came from. It was perfect.”"
Evan B NDE 6289,nderf,data\nderf\03051_evan-b-nde-6289.json,3,implied,no,not_mentioned,spiritual_realm,implied,not_mentioned,not_mentioned,not_your_time,no,not_mentioned,,"‘This is peace; this is love; this is truth. You know what this is. You have been here before. You will be here again. Accept it, and let yourself enter it. It is time to come back.’"
William W NDE 6292,nderf,data\nderf\03054_william-w-nde-6292.json,3,yes_explicit,implied,not_mentioned,not_mentioned,yes_explicit,not_mentioned,not_mentioned,no_reason_given,no,not_mentioned,,“relax and let go.”; “I got the sense that I could never die because I have always existed and I always will.”; “I felt like I was in a womb filled with amniotic fluid and pure love.”; “There was no time it just didn't exist and it didn't matter.”
Chantal L NDE 6428,nderf,data\nderf\03155_chantal-l-nde-6428.json,3,yes_explicit,not_mentioned,chose_mission,not_mentioned,yes_explicit,not_mentioned,no,earthly_mission,yes_explicit,implied,"She remembered she ""had agreed to accomplish a mission"" and chose to return because she ""had not accomplished my mission,"" but forgot the mission upon re-entering her body.","“I watched as I exhaled my last breath: amazingly, I was not afraid.”; “There were no buildings, no structures, just light and love.”; “Would you like to stay or would you like to go back?”; “I must go back; I have not accomplished my mission.”; “It seems that once the door between both worlds is open, it never closes again.”"
Brad M Probable NDE 6101,nderf,data\nderf\02879_brad-m-probable-nde-6101.json,3,yes_explicit,not_mentioned,chose_parents,not_mentioned,yes_explicit,not_mentioned,not_mentioned,other,implied,not_mentioned,"Implied task/challenge: to stay despite ""dark forces"" and a ""big challenge.""","""He spoke to my mind, and I could understand, just like an adult."" ""He asked me if I wanted to leave or stay."" ""Wealthy or poor, I don't want to bail out; I will stay."" ""The dark forces are around you, this is a big challenge."""
Derrick Birth Experiences 5167 NDE 5167,nderf,data\nderf\02692_derrick-birth-experiences-5167-nde-5167.json,3,implied,yes_explicit,not_mentioned,not_mentioned,implied,not_mentioned,no,not_mentioned,no,no,,“in a disembodied state surrounded by a being of bright golden light.” “massive hands and he cradled and caressed me in his hands.” “going backwards down a dark tunnel… and then almost like with a thud I found myself in my body.”
Mr. W NDE 4025,nderf,data\nderf\01934_mr-w-nde-4025.json,3,implied,no,not_mentioned,spiritual_realm,implied,not_mentioned,no,other,not_mentioned,no,,"""It was if I had returned to the familiar after a long journey and was finally home at long last.""; ""I do not fear 'death' any longer... I look forward to that day with great anticipation.""; ""Suicide however will never be an option for me again."""
Jeffrey C NDE 8890,nderf,data\nderf\04701_jeffrey-c-nde-8890.json,3,implied,not_mentioned,not_mentioned,spiritual_realm,yes_explicit,not_mentioned,no,no_reason_given,no,no,,"“We're losing him!”; “Everything started turning white, a brilliant white until there was no form, only bright light.”; “I heard a whoosh! I was back, back in my body experiencing horrific pain.”; “Like 20 pounds of mud crammed into a 5 lb burlap bag.”"
Greg N NDE 8783,nderf,data\nderf\04650_greg-n-nde-8783.json,3,yes_explicit,not_mentioned,not_mentioned,spiritual_realm,yes_explicit,not_mentioned,not_mentioned,not_your_time,no,no,,"“This was no dream because I just knew it was real.” “It was more real than my sitting here and typing this.” “Time didn't seem to exist.” “I had no sense of even having a body. I just 'Was.'” “In front of me was a demarcation point consisting of a bright blue sky with swirling white clouds around it.” “In the very center, I saw a massive ball of light… I knew immediately this was God.” “I was immediately blocked by an unseen force.” “He was unmistakably Jesus.” “I was being gently directed back towards the tunnel, whether I liked it or not.”"
Tina T Possible NDE 9120,nderf,data\nderf\04867_tina-t-possible-nde-9120.json,3,yes_explicit,not_mentioned,not_mentioned,spiritual_realm,yes_explicit,not_mentioned,not_mentioned,earthly_mission,yes_explicit,no,Return to continue leadership/care for many animals (dog daycare/pack) and to unlock creative potential (modeling/music) with the help of a body-contouring surgery idea that was presented as important to her evolution.,"“I sort of 'ejected' myself out of my body, as if by will.”
“It was absolute bliss; all of the pain was gone and I was in this all-encompassing orgasmic state.”
“Sound was telepathic, it was like ideas being projected at me instead of noises/words being spoken to me.”
“I decided the visions were right and that I should return to my body. So I pushed my energy really hard to the left side, until I fell out of the tunnel of energy and was instantly back in my body.”"
Anelia G NDE 9108,nderf,data\nderf\04858_anelia-g-nde-9108.json,3,yes_explicit,not_mentioned,not_mentioned,spiritual_realm,yes_explicit,none,no,earthly_mission,implied,no,"She felt she ""was supposed to become someone"" and had not started her intended earthly life; she chose to return to continue it.",“It felt as if time had stopped or just didn’t exist.” / “I had knowledge that I was dead.” / “I was returning to where I originated from.” / “I wasn’t a human form nor did I have an age. I just was.” / “It was as real and even more real than real.”
Sandi T NDEs 9082 NDE 9082,nderf,data\nderf\04838_sandi-t-ndes-9082-nde-9082.json,3,not_mentioned,not_mentioned,chose_mission,spiritual_realm,yes_explicit,not_mentioned,not_mentioned,earthly_mission,implied,not_mentioned,"Implied obligation/commitment: 'I had promised. I had work to do even though it was really, really hard work.'","'Remember exactly what they say.' / 'You don't have to go back. It's your choice.' / 'Let us take a tour,' / 'Time here will not pass while we are there.' / 'That is the answer to your question.'"
Michael NDE 9017,nderf,data\nderf\04791_michael-nde-9017.json,3,yes_explicit,no,not_mentioned,spiritual_realm,yes_explicit,not_mentioned,no,not_your_time,not_mentioned,not_mentioned,,"""I felt a warm feeling with no pain whatsoever."" ""Brighter than the Sun, but I can see his face."" ""It was as if I never left him."" ""I wasn't supposed to be home with him yet."""
Susan H NDE 8974,nderf,data\nderf\04765_susan-h-nde-8974.json,3,yes_explicit,implied,not_mentioned,spiritual_realm,not_mentioned,not_mentioned,not_mentioned,not_mentioned,yes_explicit,no,"Impressed later: 'You are a Carrier of Peace. Go now and carry Peace.' She reports focusing on sharing/normalizing afterlife conversation, pointing people to Jesus, and speaking about healings.",'YOU MUST COME BACK.'; 'I don’t want to go back... I want to stay here.'; 'I was in Heaven.'; 'You are a Carrier of Peace. Go now and carry Peace.'
Timothy P NDE 8915/9913,nderf,data\nderf\04721_timothy-p-nde-8915-9913.json,3,yes_explicit,not_mentioned,not_mentioned,spiritual_realm,yes_explicit,not_mentioned,not_mentioned,not_your_time,yes_explicit,no,Angels said his 'work on earth here is not complete' and he 'must go back'; life is 'a mission' to complete before the 'Heavenly Kingdom'; he was told to do 'work' for the 'Heavenly Father' and that he would be protected while doing it; he later understood it involved helping others (including telling people when they are sick) and 'tell as many people as I can what it is like in Heaven.',"“The more I thought about going home to heaven, the faster I travelled through the tunnel.”; “You have to go back. It's not your time to come to the heavenly kingdom.”; “Bodies are heavy and they hurt.”; “He wants us all to help each other more than we help ourselves.”"
Adriana G NDE 8804,nderf,data\nderf\04663_adriana-g-nde-8804.json,3,yes_explicit,not_mentioned,not_mentioned,spiritual_realm,yes_explicit,not_mentioned,not_mentioned,family_responsibility,no,not_mentioned,,"“Adriana, if you pass through here, you will not be able to return.” / “Mom, I need you for my wedding.” / “It is not going to be easy, but the best years of your life were still to come.”"
Catherine NDE 8697,nderf,data\nderf\04597_catherine-nde-8697.json,3,yes_explicit,not_mentioned,not_mentioned,spiritual_realm,yes_explicit,not_mentioned,not_mentioned,not_your_time,not_mentioned,no,,“I sensed that I was in another dimension and experienced peace that surpasses all earthly understanding.” “It was a like a home-coming because I had been here before.” “I felt as if a Life Force was drawing me to Him. I knew it was God.”
Jon M NDE 8694,nderf,data\nderf\04594_jon-m-nde-8694.json,3,yes_explicit,no,not_mentioned,spiritual_realm,implied,not_mentioned,no,no_reason_given,no,no,,“Imagine the best day you ever had and multiple that by a billion and that doesn't even come close to the feeling I felt.”
Stephanie R NDE 7724,nderf,data\nderf\03974_stephanie-r-nde-7724.json,3,yes_explicit,no,not_mentioned,spiritual_realm,implied,not_mentioned,no,other,no,no,,"“There was no tunnel. No time for tunnels. I was catapulted to the other side instantly. It was like flipping over a playing card, as if on the other side of the card is another reality…”"
Johnny D NDE 8507,nderf,data\nderf\04478_johnny-d-nde-8507.json,3,yes_explicit,not_mentioned,not_mentioned,spiritual_realm,yes_explicit,not_mentioned,no,earthly_mission,yes_explicit,no,Told by the young girl that he had things to 'witness' and then could come back.,"“I was in a deep, dark place that was absolutely inky black.” “I began to travel at a really fast speed, yet I felt no wind or sound.” “As if I were back home in my real surroundings, Heaven!” “She seemed to be telling me that it was not yet my time and that I couldn't stay.” “...she said I had things to 'witness' and then I could come back...”"
Stefania B Probable NDE 9577,nderf,data\nderf\05159_stefania-b-probable-nde-9577.json,3,yes_explicit,not_mentioned,not_mentioned,spiritual_realm,yes_explicit,not_mentioned,not_mentioned,earthly_mission,implied,no,She promised to share what she had remembered with human beings; she returned because she had to do many things necessary for her evolution and that of others.,"“It was as if, in an instant, I had taken off numerous layers of artificial weights…”; “time seemed to be only the present”; “my first feeling…was a feeling of suffocation and smallness.”"
Ronnie E STE 9561 NDE 9561,nderf,data\nderf\05148_ronnie-e-ste-9561-nde-9561.json,3,yes_explicit,no,not_mentioned,spiritual_realm,yes_explicit,none,no,other,no,no,,"""oh, of course......it's YOU""; ""no.....I'm not ready yet""; ""Words cannot describe the experience."""
Thomas D NDE 9539,nderf,data\nderf\05134_thomas-d-nde-9539.json,3,yes_explicit,no,not_mentioned,spiritual_realm,yes_explicit,not_mentioned,no,not_your_time,not_mentioned,no,,"""I recognize the door as my 'pain and anguish' door.""; ""It's the guilt that I installed on myself... You no longer need to carry it anymore.""; ""Let it go because I couldn't have changed the inevitable.""; ""All I could see was white light.""; ""they did give me a choice to stay home or I could come back. I chose to come back."""
Doug C NDE 9502,nderf,data\nderf\05114_doug-c-nde-9502.json,3,yes_explicit,not_mentioned,not_mentioned,spiritual_realm,yes_explicit,not_mentioned,not_mentioned,earthly_mission,implied,no,He had to return because 'there was more I had to learn on Earth.',"""Don't worry, we've got ya""; ""man, I'm glad that's over with!""; ""I felt like I was finally going home""."
Jillian C NDE 9483,nderf,data\nderf\05099_jillian-c-nde-9483.json,3,yes_explicit,not_mentioned,not_mentioned,spiritual_realm,implied,not_mentioned,not_mentioned,family_responsibility,not_mentioned,no,,"""come with me, or stay, the choice is yours, but if you stay it will be difficult."" / ""ENOUGH, LAST CHANCE!"""
Marlon C Pre-Birth 23501 NDE 23501,nderf,data\nderf\05074_marlon-c-pre-birth-23501-nde-23501.json,3,yes_explicit,implied,no_choice,not_mentioned,yes_explicit,none,not_mentioned,other,no,no,,'he won't survive much longer.'; 'you have to go back'.
Janine S NDE 9132,nderf,data\nderf\04876_janine-s-nde-9132.json,3,implied,not_mentioned,not_mentioned,spiritual_realm,yes_explicit,none,no,not_mentioned,no,no,,“I want to come home. Why won’t you let me come home? I don’t want to stay here.”
Wendy W NDE 9146,nderf,data\nderf\04887_wendy-w-nde-9146.json,3,yes_explicit,not_mentioned,not_mentioned,spiritual_realm,yes_explicit,not_mentioned,no,family_responsibility,not_mentioned,no,,"""You need to call for help NOW, or you're going Home.""; ""All you have to do is being willing to try to get up on your hands and knees - then we can help you.""; ""Oh please don't make me walk through a long tunnel - I am totally out of energy.""; ""Welcome Home!"" (described as a party); ""He told me I could not take one more step toward the Light or I wouldn't be able to return to my body... the choice was mine.""; ""Your contract with your husband is done."""
Rickalan K NDE 9739,nderf,data\nderf\05261_rickalan-k-nde-9739.json,3,yes_explicit,no,not_mentioned,spiritual_realm,yes_explicit,not_mentioned,no,not_mentioned,not_mentioned,no,,"“I realize I am floating and it hits me, 'Wait that's me.'”; “Suddenly, I slam into my body screaming in pain as I hear someone yell, 'He's back!'”"
April W STE 9586 NDE 9586,nderf,data\nderf\05163_april-w-ste-9586-nde-9586.json,3,yes_explicit,not_mentioned,not_mentioned,spiritual_realm,yes_explicit,not_mentioned,no,no_reason_given,no,no,,"'Everything that ever was or will be, is here.'; 'Is there a God?' (response described as 'a chorus of happy laughter'); 'Now I know that God is Love. Love is everything; Love is God and God is Love.'"
Justin H NDE 9611,nderf,data\nderf\05176_justin-h-nde-9611.json,3,yes_explicit,not_mentioned,not_mentioned,spiritual_realm,implied,not_mentioned,not_mentioned,not_mentioned,no,no,,“You don't bargain with me.” / “The best way I can describe what happened next is that my consciousness uploaded to heaven.” / “It was pure light.” / “Earth *is* what we would think of as hell.”
Michael F Probable NDE 9614,nderf,data\nderf\05179_michael-f-probable-nde-9614.json,3,yes_explicit,not_mentioned,not_mentioned,spiritual_realm,implied,not_mentioned,not_mentioned,earthly_mission,not_mentioned,not_mentioned,,"“I was taken to a very nice garden-like place with fine grass to walk in.” “Everything was very clear and alive, more so than any dream I have ever had.” “Fear not.”"
Brian N STE 9629 NDE 9629,nderf,data\nderf\05192_brian-n-ste-9629-nde-9629.json,3,yes_explicit,not_mentioned,not_mentioned,spiritual_realm,implied,not_mentioned,no,no_reason_given,no,no,,“My soul was pounding through my heart with intense energy and force… an indescribable amount of love contained in my heart that could fill the entire universe.”
Patricia B NDE 9669,nderf,data\nderf\05203_patricia-b-nde-9669.json,3,yes_explicit,not_mentioned,not_mentioned,spiritual_realm,yes_explicit,not_mentioned,no,not_your_time,implied,no,She understood she 'had more earthly life to live' because she was told it was not her time.,"“Oh Fred, I can’t get the number right.” / “It’s okay mom. I’m all right.” / “it is not your time. You will return when it is your time,”"
Abi Probable NDE 9650,nderf,data\nderf\05225_abi-probable-nde-9650.json,3,yes_explicit,not_mentioned,not_mentioned,spiritual_realm,implied,not_mentioned,not_mentioned,no_reason_given,no,no,,"“I realized that this was not a place, but a state of consciousness within me.” “I was certain that life on earth was a play... It was A THEATER PLAY.” “I was certain that I had been there before... and that this was my home.”"
Amera S NDE 9709,nderf,data\nderf\05240_amera-s-nde-9709.json,3,yes_explicit,not_mentioned,not_mentioned,spiritual_realm,yes_explicit,not_mentioned,not_mentioned,not_mentioned,implied,no,For many years I did feel that my fellow human beings would one day need hope... share comforting knowledge of our eternal souls... holding firm to the beautiful light of the soul would ensure our return to God... ministering comforting words and holding tight to integrity was the right path.,"“As I listened, I floated up and saw a tunnel that appeared to be parallel to the floor. I floated, feet first through the tunnel for maybe 20 feet or so.”"
Thomas B NDE 9832,nderf,data\nderf\05332_thomas-b-nde-9832.json,3,yes_explicit,not_mentioned,not_mentioned,spiritual_realm,yes_explicit,not_mentioned,not_mentioned,other,yes_explicit,no,"He reports being told he had a purpose/was ""not finished"" and later frames the meaning/purpose as learning and showing love, helping others, and sharing the message.","""You are loved, you are welcome here.""; ""welcome back""; ""COME.""; ""You are loved, you are accepted.""; ""I am sorry, you must go back now.""; ""This is how you see Me.""; ""You must go back now; you are not finished.""; ""I am so sorry; you must go back. I love you"""
August U NDE 9828,nderf,data\nderf\05329_august-u-nde-9828.json,3,yes_explicit,no,not_mentioned,spiritual_realm,yes_explicit,not_mentioned,no,other,implied,no,Implied message that he was not finished on earth and had more to learn.,"'This was home.'; 'There is absolutely nothing to be afraid of, and everything will be fine.'; 'I don’t want to die yet.'; 'Today is the day I will die.'"
Kristen G NDE 9819,nderf,data\nderf\05321_kristen-g-nde-9819.json,3,yes_explicit,not_mentioned,not_mentioned,spiritual_realm,yes_explicit,not_mentioned,not_mentioned,not_your_time,implied,no,"Felt her purpose was ""helping others through love"" / ""be each other's light and love.""","""THIS is a dream. That place is REAL; way more real than here.""; ""It's like explaining the color blue to a blind person.""; ""it wasn't my time yet."""
Anita B NDE 9813,nderf,data\nderf\05316_anita-b-nde-9813.json,3,yes_explicit,no,not_mentioned,spiritual_realm,yes_explicit,not_mentioned,not_mentioned,family_responsibility,no,no,,"'This is when I leave, this is when I die.'"
Kristie C NDE 9803,nderf,data\nderf\05307_kristie-c-nde-9803.json,3,yes_explicit,not_mentioned,not_mentioned,spiritual_realm,yes_explicit,not_mentioned,no,not_mentioned,no,no,,"""My near death experience was devoid of all senses. I was in complete darkness.""; ""It was a darkness which was not dark.""; ""I felt like a dot in the middle of a circle of welcoming, safety and love.""; ""I resented being brought back into my human body.""; ""I now know that Kristie, the human woman will die, but my consciousness continues."""
Candace Q NDE 9800,nderf,data\nderf\05305_candace-q-nde-9800.json,3,yes_explicit,not_mentioned,not_mentioned,spiritual_realm,yes_explicit,not_mentioned,not_mentioned,other,not_mentioned,no,,"""I’m home!"""
Lynnclaire D NDE 9787,nderf,data\nderf\05303_lynnclaire-d-nde-9787.json,3,yes_explicit,not_mentioned,not_mentioned,spiritual_realm,yes_explicit,not_mentioned,not_mentioned,not_mentioned,yes_explicit,implied,"Message from an unknown man: ""Lynnclaire, you will be a catalyst for change, for love. You will bring forth, hold and honor remembrance. You will bring to conscious awareness the realms, realities and remnants in order that the spirit may remember the Dance, and to return the sacred feminine to Sion. And we will meet in 27+1.""","""Not in this lifetime!""; ""Oh… I am not my body.""; ""Lynnclaire, you will be a catalyst for change, for love. You will bring forth, hold and honor remembrance. You will bring to conscious awareness the realms, realities and remnants in order that the spirit may remember the Dance, and to return the sacred feminine to Sion. And we will meet in 27+1.""; ""You can see me today.""; ""Give me this day my daily delusion"""
Jackie S STEs 9922 NDE 9922,nderf,data\nderf\05384_jackie-s-stes-9922-nde-9922.json,3,implied,no,not_mentioned,spiritual_realm,implied,none,no,not_mentioned,no,no,,"""Find peace, my child. You've suffered enough.""; ""Don't you know, it all flows.""; ""You'll find God tomorrow.""; ""He intends to perform an evil act, and you must stop him.""; ""You must fight evil!""; ""It's not safe for you to stand here. You have to move."""
David B STE 13122 NDE 13122,nderf,data\nderf\05512_david-b-ste-13122-nde-13122.json,3,yes_explicit,not_mentioned,not_mentioned,spiritual_realm,yes_explicit,not_mentioned,not_mentioned,not_mentioned,not_mentioned,not_mentioned,,"'Oh, I'm dying.' 'I understood EVERYTHING.' 'Death is a very pleasant experience, and should not be feared, but looked forward to. When this body dies, we get to finally go home.' 'I traded my faith and belief for knowledge. I now KNOW.'"
Tyler G NDE 13037/13207,nderf,data\nderf\05462_tyler-g-nde-13037-13207.json,3,yes_explicit,not_mentioned,not_mentioned,spiritual_realm,yes_explicit,not_mentioned,no,not_your_time,not_mentioned,not_mentioned,,“Come back.” / “That light was Home.” / “I lived a thousand lives in what must have been three Earth minutes.” / “I’m a strong-minded motherf’er.”
Timothy G NDE 13005,nderf,data\nderf\05442_timothy-g-nde-13005.json,3,yes_explicit,not_mentioned,not_mentioned,spiritual_realm,yes_explicit,not_mentioned,not_mentioned,family_responsibility,no,no,,"“Jacie, I think I'm dying.” / “The path that I was walking with my mom felt like I was going home.” / “When I found myself holding Jackie's hand, my immediate thought was 'what just happened? It wasn't a dream.'” / “To this day, I know that I died.”"
Emily W NDE 13013,nderf,data\nderf\05446_emily-w-nde-13013.json,3,yes_explicit,not_mentioned,not_mentioned,spiritual_realm,yes_explicit,not_mentioned,no,not_mentioned,no,not_mentioned,,"“THERE you are.” / “We are going to have to knock you out. You are dying and your baby is too.” / “God is pure love.” / “BODIES ARE MADE TO HEAL THEMSELVES.” / “Ahh, there you are.”"
Michael M NDE 9946,nderf,data\nderf\05400_michael-m-nde-9946.json,3,yes_explicit,not_mentioned,not_mentioned,spiritual_realm,yes_explicit,not_mentioned,not_mentioned,not_your_time,implied,no,"Told by the familiar presence that it was not his time to be home yet and he had ""something very important to do back on Earth.""","""This is my home!""; ""No, you can’t look at me and you must go back to your vessel on Earth!""; ""I thought my life string, my connection with that body, was just severed and I’m dead.""; ""All those lights in the sky are people’s energy while they inhabit life vessels."""
Per Eric E,nderf,data\nderf\33055_per-eric-e.json,3,implied,not_mentioned,not_mentioned,spiritual_realm,yes_explicit,not_mentioned,not_mentioned,no_reason_given,not_mentioned,not_mentioned,,"""Everything was vibration."" ""I felt an extraordinary sense of love."" ""I felt at home."" ""It felt unreal, like an illusion."" ""The place I had just visited, felt perfectly real."" ""I instantly knew eternal life was real and death an illusion."" ""I am not my body."""
André R NDE 13183,nderf,data\nderf\05547_andr-r-nde-13183.json,3,implied,not_mentioned,not_mentioned,spiritual_realm,yes_explicit,not_mentioned,not_mentioned,family_responsibility,implied,no,"He says he had to return to 'realize my path with an accomplishment and a transmission of the Love that I had received,' and to maintain 'the peace of my mind and the emotional balance of my loved ones.'","“At that moment, a door opened onto an infinite, very happy consciousness.” / “I was dazzled by an intense luminosity, submerged by an immeasurable, omnipresent and eternal love.” / “It was a purely telepathic language.” / “This being was so whole, so luminous, so loving that I would dare to call it ‘God’. It had nothing to do with the God of religious books.”"
Kathryn E,nderf,data\nderf\33012_kathryn-e.json,3,yes_explicit,not_mentioned,not_mentioned,spiritual_realm,yes_explicit,not_mentioned,no,other,implied,no,"She told God, ""My story could help them!""","""It’s your time.""; ""On Earth, they call this ‘the Kingdom of Heaven.’""; ""They were like me! My story could help them!""; ""I think God is good."""
