title,dataset,source_file,soul_path,prebirth_indicator_count,has_trauma_markers,has_volunteer_markers,has_prebirth_awareness,return_reason,mission_commissioned,volunteer_language,premortal_existence_info,incarnation_choice,home_identification,identity_pre_body,sense_of_belonging,death_memory,past_life_memory
"Addicted young woman in detox sees Jesus, leaves her body, feels peace in the light, and returns with no addictions",iands,data\iands\addicted-young-woman-in-detox-sees-jesus-leaves-her-body-feels-peace-in-the-light-and-returns-with-no-addictions.json,Restorative,1,True,False,True,no_reason_given,no,no,no,not_mentioned,not_mentioned,yes_explicit,not_mentioned,none,implied
"After dentist gives her gas, she goes through tunnel and feels God's love",iands,data\iands\after-dentist-gives-her-gas-she-goes-through-tunnel-and-feels-god-s-love.json,Restorative,2,True,False,True,not_your_time,no,no,not_mentioned,not_mentioned,spiritual_realm,yes_explicit,explicit,unspecified,yes_explicit
"Archive through April 10, 2003 - Anonymous (Sunday, February 16, 2003 - 01:39 pm)",iands,data\iands\archive-through-april-10-2003-018.json,Restorative,1,True,False,True,other,yes_explicit,no,not_mentioned,not_mentioned,spiritual_realm,not_mentioned,explicit,not_mentioned,yes_explicit
"Archive through April 6, 2004 - Anonymous (Tuesday, April 6, 2004 - 07:45 pm)",iands,data\iands\archive-through-april-6-2004-001.json,Restorative,0,True,False,False,not_mentioned,not_mentioned,not_mentioned,not_mentioned,not_mentioned,not_mentioned,not_mentioned,not_mentioned,not_mentioned,implied
"Archive through April 6, 2004 - Anonymous (Thursday, April 1, 2004 - 08:50 pm)",iands,data\iands\archive-through-april-6-2004-003.json,Restorative,1,True,False,True,other,implied,no,no,not_mentioned,not_mentioned,implied,not_mentioned,violent,yes_explicit
"Archive through August 20, 2004 - Anonymous (Thursday, July 8, 2004 - 09:29 pm)",iands,data\iands\archive-through-august-20-2004-016.json,Restorative,0,True,False,False,not_mentioned,not_mentioned,not_mentioned,not_mentioned,not_mentioned,not_mentioned,not_mentioned,implied,not_mentioned,implied
"Archive through December 19, 2002 - Anonymous (Sunday, October 27, 2002 - 08:08 pm)",iands,data\iands\archive-through-december-19-2002-014.json,Restorative,0,True,False,False,not_mentioned,not_mentioned,not_mentioned,not_mentioned,not_mentioned,not_mentioned,not_mentioned,not_mentioned,not_mentioned,yes_explicit
"Archive through December 5, 2003 - Anonymous (Friday, December 5, 2003 - 08:22 am)",iands,data\iands\archive-through-december-5-2003-001.json,Restorative,4,True,False,True,not_your_time,no,no,implied,not_mentioned,spiritual_realm,implied,explicit,not_mentioned,implied
"Archive through December 5, 2003 - Anonymous (Tuesday, November 11, 2003 - 04:35 pm)",iands,data\iands\archive-through-december-5-2003-022.json,Restorative,1,True,False,True,family_responsibility,yes_explicit,no,not_mentioned,not_mentioned,not_mentioned,implied,implied,not_mentioned,implied
"Archive through February 26, 2002 - Anonymous (prime.kapa.net - 206.135.162.167) (Wednesday, January 23, 2002 - 11:15 am)",iands,data\iands\archive-through-february-26-2002-024.json,Restorative,1,True,False,True,not_your_time,yes_explicit,no,not_mentioned,not_mentioned,spiritual_realm,not_mentioned,explicit,not_mentioned,implied
"Archive through January 3, 2005 - Anonymous (Tuesday, October 26, 2004 - 11:05 am)",iands,data\iands\archive-through-january-3-2005-010.json,Restorative,0,True,False,False,other,no,not_mentioned,not_mentioned,not_mentioned,not_mentioned,not_mentioned,not_mentioned,not_mentioned,yes_explicit
"Archive through July 15, 2002 - Anonymous (Sunday, June 16, 2002 - 11:33 pm)",iands,data\iands\archive-through-july-15-2002-004.json,Restorative,0,True,False,False,other,not_mentioned,not_mentioned,not_mentioned,not_mentioned,not_mentioned,not_mentioned,no,unspecified,yes_explicit
"Archive through July 15, 2002 - Anonymous (Monday, June 10, 2002 - 07:50 pm)",iands,data\iands\archive-through-july-15-2002-005.json,Restorative,0,True,False,False,family_responsibility,implied,no,not_mentioned,not_mentioned,not_mentioned,not_mentioned,not_mentioned,unspecified,yes_explicit
"Archive through June 2, 2003 - Anonymous (Friday, May 30, 2003 - 12:50 am)",iands,data\iands\archive-through-june-2-2003-007.json,Restorative,2,True,False,True,no_reason_given,not_mentioned,not_mentioned,not_mentioned,not_mentioned,spiritual_realm,implied,explicit,not_mentioned,yes_explicit
"Archive through June 2, 2003 - Anonymous (Wednesday, April 23, 2003 - 10:14 am)",iands,data\iands\archive-through-june-2-2003-024.json,Restorative,0,True,False,False,family_responsibility,not_mentioned,not_mentioned,no,not_mentioned,not_mentioned,not_mentioned,not_mentioned,not_mentioned,yes_explicit
"Archive through March 30, 2004 - Anonymous (Thursday, March 25, 2004 - 09:00 pm)",iands,data\iands\archive-through-march-30-2004-018.json,Restorative,0,True,False,False,not_mentioned,yes_explicit,no,not_mentioned,not_mentioned,not_mentioned,not_mentioned,no,not_mentioned,yes_explicit
"Archive through May 09, 2002 - Anonymous (Thursday, April 4, 2002 - 12:21 pm)",iands,data\iands\archive-through-may-09-2002-012.json,Restorative,0,True,False,False,not_mentioned,not_mentioned,not_mentioned,not_mentioned,not_mentioned,not_mentioned,not_mentioned,not_mentioned,not_mentioned,implied
Ascension,iands,data\iands\ascension.json,Restorative,2,True,False,True,no_reason_given,not_mentioned,no,not_mentioned,not_mentioned,spiritual_realm,implied,explicit,none,yes_explicit
Before Birth,iands,data\iands\before-birth.json,Restorative,3,True,False,True,not_mentioned,not_mentioned,not_mentioned,yes_explicit,not_mentioned,not_mentioned,implied,not_mentioned,not_mentioned,implied
Between Worlds,iands,data\iands\between-worlds.json,Restorative,1,True,False,True,family_responsibility,not_mentioned,not_mentioned,not_mentioned,not_mentioned,not_mentioned,yes_explicit,not_mentioned,not_mentioned,implied
Christmas 2010,iands,data\iands\christmas-2010.json,Restorative,0,True,False,False,not_your_time,yes_explicit,no,no,not_mentioned,not_mentioned,not_mentioned,not_mentioned,none,yes_explicit
Four-year-old falls and meets Yeshua (Jesus) and Council of Elders,iands,data\iands\four-year-old-falls-and-meets-yeshua-jesus-and-council-of-elders.json,Restorative,2,True,False,True,not_mentioned,implied,no,yes_explicit,not_mentioned,not_mentioned,yes_explicit,not_mentioned,not_mentioned,implied
From the Sun Down to Earth,iands,data\iands\from-the-sun-down-to-earth.json,Restorative,0,True,False,False,other,no,no,not_mentioned,not_mentioned,not_mentioned,not_mentioned,implied,not_mentioned,yes_explicit
Girl drowns and meets angelic-looking woman but is told not to share,iands,data\iands\girl-drowns-and-meets-angelic-looking-woman-but-is-told-not-to-share.json,Restorative,0,True,False,False,not_mentioned,implied,no,not_mentioned,not_mentioned,not_mentioned,not_mentioned,not_mentioned,not_mentioned,implied
Hitting head at age 8 leads to lifetime of visits to heaven and spirit work,iands,data\iands\hitting-head-at-age-8-leads-to-lifetime-of-visits-to-heaven-and-spirit-work.json,Restorative,3,True,False,True,not_mentioned,implied,not_mentioned,yes_explicit,not_mentioned,spiritual_realm,yes_explicit,not_mentioned,not_mentioned,yes_explicit
I was one with God consciousness,iands,data\iands\i-was-one-with-god-consciousness.json,Restorative,4,True,False,True,other,implied,no,yes_explicit,no_choice,spiritual_realm,yes_explicit,explicit,none,yes_explicit
I was told this life would be catastrophic,iands,data\iands\i-was-told-this-life-would-be-catastrophic.json,Restorative,0,True,False,False,not_mentioned,no,not_mentioned,not_mentioned,not_mentioned,not_mentioned,not_mentioned,not_mentioned,not_mentioned,yes_explicit
Nearing Divine Enclosure: My Story,iands,data\iands\nearing-divine-enclosure-my-story.json,Restorative,0,True,False,False,not_mentioned,not_mentioned,not_mentioned,no,not_mentioned,not_mentioned,not_mentioned,not_mentioned,not_mentioned,implied
Nine-year-old girl hit by car has psychic lifetime of adventure,iands,data\iands\nine-year-old-girl-hit-by-car-has-psychic-lifetime-of-adventure.json,Restorative,0,True,False,False,not_mentioned,not_mentioned,not_mentioned,not_mentioned,not_mentioned,not_mentioned,not_mentioned,not_mentioned,not_mentioned,implied
"Part 1: Lengthy NDE learns of Egypt, Gaia, dark souls",iands,data\iands\part-1-lengthy-nde-learns-of-egypt-gaia-dark-souls.json,Restorative,1,True,False,True,not_mentioned,implied,no,not_mentioned,not_mentioned,not_mentioned,implied,not_mentioned,not_mentioned,yes_explicit
"Part 2: Lengthy NDE learns of energies, Jesus, spirit city",iands,data\iands\part-2-lengthy-nde-learns-of-energies-jesus-spirit-city.json,Restorative,4,True,False,True,not_mentioned,yes_explicit,not_mentioned,yes_explicit,chose_parents,spiritual_realm,implied,not_mentioned,not_mentioned,yes_explicit
Shimmering River of Life,iands,data\iands\shimmering-river-of-life.json,Restorative,1,True,False,True,other,not_mentioned,not_mentioned,not_mentioned,not_mentioned,spiritual_realm,not_mentioned,explicit,not_mentioned,yes_explicit
Shown How Illnesses Start on an Energetic Level,iands,data\iands\shown-how-illnesses-start-on-an-energetic-level.json,Restorative,1,True,False,True,not_your_time,yes_explicit,not_mentioned,not_mentioned,not_mentioned,not_mentioned,yes_explicit,not_mentioned,not_mentioned,yes_explicit
Sleep apnea leads Columbian man to teachings about Covid-19,iands,data\iands\sleep-apnea-leads-columbian-man-to-teachings-about-covid-19.json,Restorative,1,True,False,True,not_your_time,yes_explicit,no,not_mentioned,not_mentioned,not_mentioned,implied,implied,not_mentioned,yes_explicit
Sphere of Universal Communion,iands,data\iands\sphere-of-universal-communion.json,Restorative,2,True,False,True,not_mentioned,implied,no,not_mentioned,not_mentioned,spiritual_realm,implied,implied,not_mentioned,yes_explicit
Start over in another lifetime or continue on in this one?,iands,data\iands\start-over-in-another-lifetime-or-continue-on-in-this-one.json,Restorative,5,True,False,True,other,not_mentioned,not_mentioned,yes_explicit,chose_parents,spiritual_realm,yes_explicit,explicit,not_mentioned,implied
"Suicide returns from tunnel and now sees her ""me"" and her ""body"" as two separate beings",iands,data\iands\suicide-returns-from-tunnel-and-now-sees-her-me-and-her-body-as-two-separate-beings.json,Restorative,1,True,False,True,other,no,no,not_mentioned,not_mentioned,not_mentioned,yes_explicit,not_mentioned,not_mentioned,implied
The Most Important Assignment in Life is Love,iands,data\iands\the-most-important-assignment-in-life-is-love.json,Restorative,1,True,False,True,not_your_time,implied,no,no,not_mentioned,spiritual_realm,not_mentioned,not_mentioned,violent,yes_explicit
Two brief NDEs guide woman to spiritual life as Buddhist,iands,data\iands\two-brief-ndes-guide-woman-to-spiritual-life-as-buddhist.json,Restorative,0,True,False,False,not_mentioned,not_mentioned,not_mentioned,not_mentioned,not_mentioned,not_mentioned,not_mentioned,not_mentioned,not_mentioned,implied
We all fit into a kind of collective loving consciousness,iands,data\iands\we-all-fit-into-a-kind-of-collective-loving-consciousness.json,Restorative,2,True,False,True,other,not_mentioned,no,not_mentioned,not_mentioned,spiritual_realm,implied,explicit,not_mentioned,yes_explicit
"Woman Dying from Asthma Hears: Know Thyself, Be the Light, Be the Love",iands,data\iands\woman-dying-from-asthma-hears-know-thyself-be-the-light-be-the-love.json,Restorative,2,True,False,True,not_your_time,not_mentioned,no,not_mentioned,not_mentioned,spiritual_realm,implied,explicit,not_mentioned,yes_explicit
Woman has wake-up call and NDE which changes her life,iands,data\iands\woman-has-wake-up-call-and-nde-which-changes-her-life.json,Restorative,2,True,False,True,family_responsibility,not_mentioned,no,no,not_mentioned,spiritual_realm,implied,explicit,not_mentioned,yes_explicit
"Woman passes out, leaves her body, and is surrounded by people",iands,data\iands\woman-passes-out-leaves-her-body-and-is-surrounded-by-people.json,Restorative,1,True,False,True,no_reason_given,not_mentioned,no,no,not_mentioned,not_mentioned,yes_explicit,not_mentioned,not_mentioned,yes_explicit
Annie P NDE 678,nderf,data\nderf\00208_annie-p-nde.json,Restorative,2,True,False,True,not_your_time,yes_explicit,no,not_mentioned,not_mentioned,spiritual_realm,implied,not_mentioned,none,yes_explicit
Brian S NDE 722,nderf,data\nderf\00244_brian-s-nde.json,Restorative,1,True,False,True,family_responsibility,no,no,not_mentioned,not_mentioned,not_mentioned,implied,not_mentioned,not_mentioned,yes_explicit
Beverly H NDE 20154,nderf,data\nderf\00267_beverly-h-nde-20154.json,Restorative,0,True,False,False,not_mentioned,not_mentioned,not_mentioned,not_mentioned,not_mentioned,not_mentioned,not_mentioned,implied,violent,yes_explicit
John C NDE 11066,nderf,data\nderf\00275_john-c-nde-11066.json,Restorative,0,True,False,False,not_your_time,no,no,no,not_mentioned,not_mentioned,not_mentioned,not_mentioned,unspecified,yes_explicit
Brooks B NDE 20194,nderf,data\nderf\00276_brooks-b-nde-20194.json,Restorative,0,True,False,False,no_reason_given,not_mentioned,not_mentioned,not_mentioned,not_mentioned,not_mentioned,not_mentioned,not_mentioned,violent,implied
Chris D NDE 794,nderf,data\nderf\00300_chris-d-nde.json,Restorative,0,True,False,False,not_your_time,no,no,no,not_mentioned,not_mentioned,not_mentioned,not_mentioned,not_mentioned,yes_explicit
Judi T NDE 855,nderf,data\nderf\00342_judi-t-nde.json,Restorative,0,True,False,False,no_reason_given,implied,no,not_mentioned,not_mentioned,not_mentioned,not_mentioned,not_mentioned,not_mentioned,yes_explicit
Kelley W NDE 883,nderf,data\nderf\00357_kelley-w-nde.json,Restorative,1,True,False,True,not_mentioned,no,no,not_mentioned,not_mentioned,not_mentioned,implied,not_mentioned,not_mentioned,implied
Jo D NDE 923,nderf,data\nderf\00397_jo-d-nde.json,Restorative,0,True,False,False,not_mentioned,implied,no,not_mentioned,not_mentioned,not_mentioned,not_mentioned,not_mentioned,not_mentioned,implied
Steve B NDE 998,nderf,data\nderf\00441_steve-b-nde.json,Restorative,4,True,False,True,other,yes_explicit,no,yes_explicit,no_choice,spiritual_realm,implied,explicit,not_mentioned,implied
Gail T NDE 102,nderf,data\nderf\00521_gail-t-nde.json,Restorative,1,True,False,True,other,not_mentioned,not_mentioned,implied,not_mentioned,not_mentioned,not_mentioned,no,not_mentioned,implied
Tazell NDE 1070,nderf,data\nderf\00551_tazell-nde-1070.json,Restorative,1,True,False,True,not_mentioned,not_mentioned,not_mentioned,not_mentioned,not_mentioned,spiritual_realm,not_mentioned,explicit,not_mentioned,implied
JR M NDE 149,nderf,data\nderf\00586_jr-m-nde.json,Restorative,0,True,False,False,not_mentioned,not_mentioned,not_mentioned,no,not_mentioned,not_mentioned,not_mentioned,not_mentioned,not_mentioned,implied
Veronica A Probable NDE 2187,nderf,data\nderf\00613_veronica-a-probable-nde-2187.json,Restorative,2,True,False,True,not_mentioned,not_mentioned,not_mentioned,implied,not_mentioned,not_mentioned,yes_explicit,implied,not_mentioned,implied
Brian NDE 2198,nderf,data\nderf\00619_brian-nde-2198.json,Restorative,1,True,False,True,not_mentioned,no,not_mentioned,implied,not_mentioned,not_mentioned,not_mentioned,explicit,not_mentioned,implied
Andrew P NDE 16071/2335 NDE 2335,nderf,data\nderf\00688_andrew-p-nde-16071-2335-nde-2335.json,Restorative,3,True,False,True,no_reason_given,no,no,implied,not_mentioned,spiritual_realm,implied,explicit,not_mentioned,yes_explicit
Jennifer C Probable NDE 2477,nderf,data\nderf\00764_jennifer-c-probable-nde-2477.json,Restorative,0,True,False,False,not_mentioned,not_mentioned,not_mentioned,no,not_mentioned,not_mentioned,not_mentioned,not_mentioned,not_mentioned,implied
Wayne H NDE 2543,nderf,data\nderf\00815_wayne-h-nde-2543.json,Restorative,2,True,False,True,other,yes_explicit,no,implied,not_mentioned,spiritual_realm,not_mentioned,explicit,none,yes_explicit
Anita M NDE 2766/11068 NDE 11068,nderf,data\nderf\00924_anita-m-nde-2766-11068-nde-11068.json,Restorative,0,True,False,False,not_your_time,yes_explicit,no,not_mentioned,not_mentioned,not_mentioned,not_mentioned,not_mentioned,not_mentioned,implied
Lloyd P NDE 2764,nderf,data\nderf\00936_lloyd-p-nde-2764.json,Restorative,0,True,False,False,not_mentioned,not_mentioned,not_mentioned,no,not_mentioned,not_mentioned,not_mentioned,not_mentioned,not_mentioned,implied
Alok B NDE 2791,nderf,data\nderf\00947_alok-b-nde-2791.json,Restorative,0,True,False,False,not_mentioned,no,no,not_mentioned,not_mentioned,not_mentioned,not_mentioned,not_mentioned,violent,yes_explicit
Thera L NDE 2800,nderf,data\nderf\00954_thera-l-nde-2800.json,Restorative,0,True,False,False,not_mentioned,implied,not_mentioned,not_mentioned,not_mentioned,not_mentioned,not_mentioned,not_mentioned,not_mentioned,implied
Jacob B NDE 2827,nderf,data\nderf\00964_jacob-b-nde-2827.json,Restorative,0,True,False,False,other,implied,not_mentioned,not_mentioned,not_mentioned,not_mentioned,not_mentioned,not_mentioned,not_mentioned,implied
Lavona F NDE 2828,nderf,data\nderf\00965_lavona-f-nde-2828.json,Restorative,0,True,False,False,not_mentioned,no,not_mentioned,not_mentioned,not_mentioned,not_mentioned,not_mentioned,not_mentioned,not_mentioned,yes_explicit
Darlene K NDE 2948,nderf,data\nderf\01036_darlene-k-nde-2948.json,Restorative,1,True,False,True,not_mentioned,not_mentioned,no,not_mentioned,not_mentioned,spiritual_realm,not_mentioned,not_mentioned,not_mentioned,implied
Terry A NDE 3028,nderf,data\nderf\01074_terry-a-nde-3028.json,Restorative,1,True,False,True,family_responsibility,no,not_mentioned,implied,not_mentioned,not_mentioned,not_mentioned,implied,not_mentioned,implied
Vinnie G NDE 3062,nderf,data\nderf\01094_vinnie-g-nde-3062.json,Restorative,0,True,False,False,no_reason_given,no,no,not_mentioned,not_mentioned,not_mentioned,not_mentioned,implied,not_mentioned,yes_explicit
Kelly A NDE 3234,nderf,data\nderf\01174_kelly-a-nde-3234.json,Restorative,0,True,False,False,not_mentioned,no,no,no,not_mentioned,not_mentioned,not_mentioned,not_mentioned,not_mentioned,implied
Jill F Probable NDE 3206,nderf,data\nderf\01209_jill-f-probable-nde-3206.json,Restorative,2,True,False,True,no_reason_given,no,not_mentioned,implied,not_mentioned,spiritual_realm,not_mentioned,implied,not_mentioned,yes_explicit
Peter M NDE 3163,nderf,data\nderf\01253_peter-m-nde-3163.json,Restorative,3,True,False,True,other,no,no,yes_explicit,not_mentioned,not_mentioned,yes_explicit,no,unspecified,yes_explicit
Malina E NDE 454,nderf,data\nderf\01285_malina-e-nde.json,Restorative,0,True,False,False,not_mentioned,not_mentioned,not_mentioned,not_mentioned,not_mentioned,not_mentioned,not_mentioned,not_mentioned,not_mentioned,yes_explicit
William R NDE 232,nderf,data\nderf\01405_william-r-nde.json,Restorative,0,True,False,False,other,not_mentioned,no,no,not_mentioned,not_mentioned,not_mentioned,not_mentioned,not_mentioned,implied
Kitty W NDE 3427,nderf,data\nderf\01414_kitty-w-nde-3427.json,Restorative,1,True,False,True,not_your_time,implied,no,no,not_mentioned,spiritual_realm,not_mentioned,explicit,not_mentioned,yes_explicit
Eleonora Probable NDE 3054,nderf,data\nderf\01436_eleonora-probable-nde-3054.json,Restorative,0,True,False,False,other,implied,no,not_mentioned,not_mentioned,not_mentioned,not_mentioned,implied,not_mentioned,yes_explicit
Henry W Probable NDE 3624,nderf,data\nderf\01634_henry-w-probable-nde-3624.json,Restorative,0,True,False,False,not_mentioned,no,no,not_mentioned,not_mentioned,not_mentioned,not_mentioned,not_mentioned,not_mentioned,yes_explicit
Cara NDE3637 NDE 3637,nderf,data\nderf\01645_cara-nde3637-nde-3637.json,Restorative,0,True,False,False,other,implied,no,not_mentioned,not_mentioned,not_mentioned,not_mentioned,not_mentioned,not_mentioned,yes_explicit
Linda G NDE3649 NDE 3649,nderf,data\nderf\01653_linda-g-nde3649-nde-3649.json,Restorative,2,True,False,True,family_responsibility,no,no,not_mentioned,not_mentioned,spiritual_realm,yes_explicit,explicit,not_mentioned,implied
Ekaterina A NDE3667 NDE 3667,nderf,data\nderf\01671_ekaterina-a-nde3667-nde-3667.json,Restorative,1,True,False,True,other,yes_explicit,no,not_mentioned,not_mentioned,not_mentioned,implied,not_mentioned,not_mentioned,yes_explicit
Diane V Possible NDE 3816,nderf,data\nderf\01791_diane-v-possible-nde-3816.json,Restorative,0,True,False,False,not_your_time,yes_explicit,no,not_mentioned,not_mentioned,not_mentioned,not_mentioned,not_mentioned,violent,yes_explicit
Carman D NDE 3977,nderf,data\nderf\01902_carman-d-nde-3977.json,Restorative,0,True,False,False,family_responsibility,implied,no,no,not_mentioned,not_mentioned,not_mentioned,not_mentioned,violent,yes_explicit
Carmel B NDE 4055/4006 NDE 4006,nderf,data\nderf\01920_carmel-b-nde-4055-4006-nde-4006.json,Restorative,1,True,False,True,family_responsibility,yes_explicit,no,not_mentioned,not_mentioned,spiritual_realm,not_mentioned,explicit,not_mentioned,yes_explicit
Leonard NDE 4046,nderf,data\nderf\01957_leonard-nde-4046.json,Restorative,3,True,False,True,family_responsibility,no,no,yes_explicit,not_mentioned,spiritual_realm,yes_explicit,not_mentioned,not_mentioned,yes_explicit
Edie F NDE 4167,nderf,data\nderf\02041_edie-f-nde-4167.json,Restorative,1,True,False,True,not_your_time,no,no,not_mentioned,not_mentioned,not_mentioned,implied,not_mentioned,not_mentioned,implied
Marta Y NDE 4251,nderf,data\nderf\02094_marta-y-nde-4251.json,Restorative,1,True,False,True,other,yes_explicit,no,not_mentioned,not_mentioned,not_mentioned,implied,not_mentioned,not_mentioned,yes_explicit
George W Possible NDE 4308,nderf,data\nderf\02123_george-w-possible-nde-4308.json,Restorative,0,True,False,False,not_mentioned,not_mentioned,not_mentioned,not_mentioned,not_mentioned,not_mentioned,not_mentioned,not_mentioned,not_mentioned,yes_explicit
Amy C NDE 4720,nderf,data\nderf\02386_amy-c-nde-4720.json,Restorative,1,True,False,True,family_responsibility,implied,no,not_mentioned,not_mentioned,not_mentioned,yes_explicit,not_mentioned,not_mentioned,implied
Zack J Probable NDE 22299,nderf,data\nderf\02438_zack-j-probable-nde-22299.json,Restorative,0,True,False,False,not_your_time,not_mentioned,no,not_mentioned,not_mentioned,not_mentioned,not_mentioned,not_mentioned,not_mentioned,yes_explicit
Lawanda N NDE 4814,nderf,data\nderf\02444_lawanda-n-nde-4814.json,Restorative,0,True,False,False,family_responsibility,no,no,no,not_mentioned,not_mentioned,not_mentioned,not_mentioned,not_mentioned,implied
William H NDE 4948,nderf,data\nderf\02541_william-h-nde-4948.json,Restorative,2,True,False,True,not_mentioned,implied,no,not_mentioned,not_mentioned,spiritual_realm,implied,explicit,not_mentioned,yes_explicit
Erwin V NDE 5007,nderf,data\nderf\02584_erwin-v-nde-5007.json,Restorative,0,True,False,False,not_your_time,no,no,no,not_mentioned,not_mentioned,not_mentioned,not_mentioned,not_mentioned,implied
Victoria D NDE 5032,nderf,data\nderf\02605_victoria-d-nde-5032.json,Restorative,2,True,False,True,other,no,no,no,not_mentioned,spiritual_realm,yes_explicit,explicit,not_mentioned,implied
Wanda C NDE 5155,nderf,data\nderf\02685_wanda-c-nde-5155.json,Restorative,1,True,False,True,not_mentioned,not_mentioned,not_mentioned,not_mentioned,not_mentioned,not_mentioned,implied,implied,not_mentioned,implied
Joanie S NDE 5271,nderf,data\nderf\02764_joanie-s-nde-5271.json,Restorative,0,True,False,False,not_mentioned,not_mentioned,not_mentioned,not_mentioned,not_mentioned,not_mentioned,not_mentioned,not_mentioned,none,yes_explicit
Deborah D Probable NDE 5364,nderf,data\nderf\02824_deborah-d-probable-nde-5364.json,Restorative,2,True,False,True,not_your_time,no,no,not_mentioned,not_mentioned,spiritual_realm,implied,explicit,not_mentioned,implied
Paula L NDE 6045,nderf,data\nderf\02870_paula-l-nde-6045.json,Restorative,1,True,False,True,other,no,no,no,not_mentioned,spiritual_realm,not_mentioned,explicit,violent,yes_explicit
Shannon T NDE 6119,nderf,data\nderf\02895_shannon-t-nde-6119.json,Restorative,1,True,False,True,no_reason_given,not_mentioned,not_mentioned,not_mentioned,not_mentioned,not_mentioned,yes_explicit,not_mentioned,not_mentioned,implied
Cami R NDE 6132,nderf,data\nderf\02901_cami-r-nde-6132.json,Restorative,2,True,False,True,not_mentioned,not_mentioned,not_mentioned,not_mentioned,not_mentioned,spiritual_realm,implied,not_mentioned,not_mentioned,implied
Cherie B NDE 5457,nderf,data\nderf\02969_cherie-b-nde-5457.json,Restorative,0,True,False,False,not_mentioned,not_mentioned,not_mentioned,not_mentioned,not_mentioned,not_mentioned,not_mentioned,not_mentioned,not_mentioned,yes_explicit
Jenneane E NDE 6233,nderf,data\nderf\02993_jenneane-e-nde-6233.json,Restorative,1,True,False,True,other,no,no,not_mentioned,not_mentioned,spiritual_realm,not_mentioned,explicit,violent,yes_explicit
Roy S NDE 6367,nderf,data\nderf\03110_roy-s-nde-6367.json,Restorative,4,True,False,True,other,no,no,yes_explicit,no_choice,spiritual_realm,yes_explicit,not_mentioned,unspecified,implied
Roberto F NDE 5422,nderf,data\nderf\03149_roberto-f-nde-5422.json,Restorative,0,True,False,False,family_responsibility,implied,not_mentioned,not_mentioned,not_mentioned,not_mentioned,not_mentioned,not_mentioned,not_mentioned,yes_explicit
Nury M Probable NDE 6455,nderf,data\nderf\03169_nury-m-probable-nde-6455.json,Restorative,0,True,False,False,not_mentioned,implied,no,not_mentioned,not_mentioned,not_mentioned,not_mentioned,not_mentioned,none,implied
Bon A NDE 6497,nderf,data\nderf\03196_bon-a-nde-6497.json,Restorative,0,True,False,False,no_reason_given,no,no,no,not_mentioned,not_mentioned,not_mentioned,implied,not_mentioned,implied
Jerome D Possible NDE 6666,nderf,data\nderf\03307_jerome-d-possible-nde-6666.json,Restorative,0,True,False,False,not_mentioned,not_mentioned,not_mentioned,not_mentioned,not_mentioned,not_mentioned,not_mentioned,not_mentioned,violent,yes_explicit
Gary NDE 6667,nderf,data\nderf\03308_gary-nde-6667.json,Restorative,1,True,False,True,no_reason_given,not_mentioned,not_mentioned,not_mentioned,not_mentioned,spiritual_realm,not_mentioned,implied,not_mentioned,implied
Robert N NDE 6712/7869 NDE 7869,nderf,data\nderf\03337_robert-n-nde-6712-7869-nde-7869.json,Restorative,1,True,False,True,not_mentioned,not_mentioned,not_mentioned,not_mentioned,not_mentioned,spiritual_realm,not_mentioned,explicit,not_mentioned,implied
Carla S NDE 6956,nderf,data\nderf\03493_carla-s-nde-6956.json,Restorative,0,True,False,False,not_mentioned,no,no,no,not_mentioned,not_mentioned,not_mentioned,no,not_mentioned,implied
Sean M NDEs 7034 NDE 7034,nderf,data\nderf\03542_sean-m-ndes-7034-nde-7034.json,Restorative,1,True,False,True,other,not_mentioned,no,not_mentioned,not_mentioned,not_mentioned,yes_explicit,not_mentioned,not_mentioned,implied
Brian C FDE 7133 NDE 7133,nderf,data\nderf\03605_brian-c-fde-7133-nde-7133.json,Restorative,0,True,False,False,no_reason_given,no,no,not_mentioned,not_mentioned,not_mentioned,not_mentioned,implied,not_mentioned,implied
Ana A Probable NDE 7230,nderf,data\nderf\03686_ana-a-probable-nde-7230.json,Restorative,0,True,False,False,family_responsibility,no,no,no,not_mentioned,not_mentioned,not_mentioned,not_mentioned,violent,yes_explicit
Kevin E NDE 7392,nderf,data\nderf\03761_kevin-e-nde-7392.json,Restorative,1,True,False,True,no_reason_given,no,no,no,not_mentioned,not_mentioned,implied,not_mentioned,violent,yes_explicit
Frédéric M NDE 7475,nderf,data\nderf\03817_fr-d-ric-m-nde-7475.json,Restorative,0,True,False,False,family_responsibility,implied,no,no,not_mentioned,not_mentioned,not_mentioned,not_mentioned,not_mentioned,yes_explicit
Mike M NDE 7617,nderf,data\nderf\03904_mike-m-nde-7617.json,Restorative,0,True,False,False,family_responsibility,no,not_mentioned,not_mentioned,not_mentioned,not_mentioned,not_mentioned,not_mentioned,not_mentioned,implied
Rob N NDEs 16076 NDE 16076,nderf,data\nderf\03938_rob-n-ndes-16076-nde-16076.json,Restorative,3,True,False,True,no_reason_given,not_mentioned,not_mentioned,implied,not_mentioned,spiritual_realm,implied,explicit,none,implied
Duane S NDE 7743,nderf,data\nderf\03993_duane-s-nde-7743.json,Restorative,2,True,False,True,family_responsibility,yes_explicit,not_mentioned,not_mentioned,not_mentioned,spiritual_realm,implied,explicit,not_mentioned,yes_explicit
Marta M NDE 7760,nderf,data\nderf\04005_marta-m-nde-7760.json,Restorative,0,True,False,False,other,no,no,not_mentioned,not_mentioned,not_mentioned,not_mentioned,not_mentioned,not_mentioned,yes_explicit
David N Possible NDE 6135,nderf,data\nderf\04040_david-n-possible-nde-6135.json,Restorative,0,True,False,False,not_your_time,yes_explicit,no,no,not_mentioned,not_mentioned,not_mentioned,not_mentioned,not_mentioned,yes_explicit
Thomas A NDE 7832,nderf,data\nderf\04048_thomas-a-nde-7832.json,Restorative,0,True,False,False,no_reason_given,no,no,no,not_mentioned,not_mentioned,not_mentioned,not_mentioned,not_mentioned,yes_explicit
Francine B NDE 7892,nderf,data\nderf\04088_francine-b-nde-7892.json,Restorative,1,True,False,True,not_mentioned,not_mentioned,not_mentioned,yes_explicit,not_mentioned,not_mentioned,not_mentioned,no,unspecified,yes_explicit
Sonia S Probable NDE 7895,nderf,data\nderf\04090_sonia-s-probable-nde-7895.json,Restorative,0,True,False,False,not_mentioned,implied,not_mentioned,not_mentioned,not_mentioned,not_mentioned,not_mentioned,not_mentioned,not_mentioned,yes_explicit
Bobby R NDE 8010,nderf,data\nderf\04158_bobby-r-nde-8010.json,Restorative,0,True,False,False,not_mentioned,implied,no,not_mentioned,not_mentioned,not_mentioned,not_mentioned,not_mentioned,none,yes_explicit
Victoria J Probable NDE 8285,nderf,data\nderf\04338_victoria-j-probable-nde-8285.json,Restorative,1,True,False,True,not_mentioned,not_mentioned,not_mentioned,not_mentioned,not_mentioned,not_mentioned,yes_explicit,not_mentioned,not_mentioned,yes_explicit
Cortney P NDE 8295,nderf,data\nderf\04345_cortney-p-nde-8295.json,Restorative,1,True,False,True,not_mentioned,yes_explicit,not_mentioned,yes_explicit,not_mentioned,not_mentioned,not_mentioned,not_mentioned,not_mentioned,implied
Aaron M NDE 8350,nderf,data\nderf\04379_aaron-m-nde-8350.json,Restorative,4,True,False,True,family_responsibility,no,no,yes_explicit,not_mentioned,spiritual_realm,yes_explicit,explicit,not_mentioned,yes_explicit
Katie J NDE 8374,nderf,data\nderf\04393_katie-j-nde-8374.json,Restorative,0,True,False,False,not_your_time,no,no,not_mentioned,not_mentioned,not_mentioned,not_mentioned,not_mentioned,not_mentioned,implied
Alexander S Probable NDE 8402,nderf,data\nderf\04406_alexander-s-probable-nde-8402.json,Restorative,1,True,False,True,not_mentioned,implied,no,no,not_mentioned,not_mentioned,implied,not_mentioned,not_mentioned,implied
Teresa M NDE 8410,nderf,data\nderf\04417_teresa-m-nde-8410.json,Restorative,2,True,False,True,family_responsibility,implied,no,yes_explicit,not_mentioned,not_mentioned,implied,not_mentioned,natural,yes_explicit
Doug F NDE 8422,nderf,data\nderf\04426_doug-f-nde-8422.json,Restorative,3,True,False,True,other,not_mentioned,no,yes_explicit,not_mentioned,spiritual_realm,yes_explicit,explicit,not_mentioned,yes_explicit
Mark W NDE 8503,nderf,data\nderf\04476_mark-w-nde-8503.json,Restorative,3,True,False,True,family_responsibility,yes_explicit,no,yes_explicit,not_mentioned,spiritual_realm,implied,explicit,unspecified,yes_explicit
Natacha P NDE 8551,nderf,data\nderf\04511_natacha-p-nde-8551.json,Restorative,3,True,False,True,not_your_time,implied,no,yes_explicit,not_mentioned,spiritual_realm,yes_explicit,explicit,not_mentioned,implied
Anne L NDE 8588,nderf,data\nderf\04528_anne-l-nde-8588.json,Restorative,1,True,False,True,other,no,no,yes_explicit,not_mentioned,not_mentioned,not_mentioned,not_mentioned,not_mentioned,implied
Alma B NDE 8604,nderf,data\nderf\04537_alma-b-nde-8604.json,Restorative,2,True,False,True,other,implied,no,yes_explicit,not_mentioned,spiritual_realm,not_mentioned,explicit,not_mentioned,yes_explicit
Timothy V NDEs 8640 NDE 8640,nderf,data\nderf\04558_timothy-v-ndes-8640-nde-8640.json,Restorative,4,True,False,True,not_your_time,no,no,yes_explicit,not_mentioned,spiritual_realm,yes_explicit,explicit,not_mentioned,yes_explicit
Anni S NDE 16098,nderf,data\nderf\04592_anni-s-nde-16098.json,Restorative,3,True,False,True,other,yes_explicit,no,yes_explicit,not_mentioned,spiritual_realm,yes_explicit,not_mentioned,violent,yes_explicit
Emanuele NDE 8722,nderf,data\nderf\04612_emanuele-nde-8722.json,Restorative,2,True,False,True,not_mentioned,no,not_mentioned,yes_explicit,not_mentioned,not_mentioned,yes_explicit,not_mentioned,none,yes_explicit
Telesa H NDE 8724,nderf,data\nderf\04613_telesa-h-nde-8724.json,Restorative,3,True,False,True,not_mentioned,yes_explicit,no,yes_explicit,not_mentioned,spiritual_realm,yes_explicit,not_mentioned,not_mentioned,yes_explicit
Valeska K FDE 8750 NDE 8750,nderf,data\nderf\04628_valeska-k-fde-8750-nde-8750.json,Restorative,2,True,False,True,not_mentioned,not_mentioned,not_mentioned,yes_explicit,not_mentioned,spiritual_realm,not_mentioned,explicit,not_mentioned,implied
Natalie C NDE 8774,nderf,data\nderf\04645_natalie-c-nde-8774.json,Restorative,3,True,False,True,family_responsibility,implied,no,yes_explicit,not_mentioned,spiritual_realm,yes_explicit,implied,not_mentioned,yes_explicit
Jade NDE 16099,nderf,data\nderf\04648_jade-nde-16099.json,Restorative,1,True,False,True,not_mentioned,not_mentioned,not_mentioned,not_mentioned,not_mentioned,not_mentioned,yes_explicit,not_mentioned,none,yes_explicit
María C NDE 8780,nderf,data\nderf\04652_mar-a-c-nde-8780.json,Restorative,2,True,False,True,not_your_time,implied,no,implied,not_mentioned,not_mentioned,yes_explicit,not_mentioned,not_mentioned,implied
Leni D NDE 8819,nderf,data\nderf\04667_leni-d-nde-8819.json,Restorative,3,True,False,True,not_mentioned,no,not_mentioned,yes_explicit,chose_mission,not_mentioned,yes_explicit,not_mentioned,not_mentioned,implied
Sheila S NDE 9025,nderf,data\nderf\04794_sheila-s-nde-9025.json,Restorative,2,True,False,True,family_responsibility,implied,no,implied,not_mentioned,not_mentioned,yes_explicit,not_mentioned,not_mentioned,implied
Jeanette U NDE 9031,nderf,data\nderf\04801_jeanette-u-nde-9031.json,Restorative,1,True,False,True,not_mentioned,no,not_mentioned,yes_explicit,not_mentioned,not_mentioned,not_mentioned,no,not_mentioned,implied
Stephen K NDE 9061,nderf,data\nderf\04823_stephen-k-nde-9061.json,Restorative,3,True,False,True,no_reason_given,no,not_mentioned,yes_explicit,not_mentioned,spiritual_realm,implied,explicit,not_mentioned,yes_explicit
Emi W STE 9072 NDE 9072,nderf,data\nderf\04832_emi-w-ste-9072-nde-9072.json,Restorative,2,True,False,True,no_reason_given,not_mentioned,not_mentioned,yes_explicit,not_mentioned,not_mentioned,yes_explicit,implied,not_mentioned,yes_explicit
Beth T NDE 9077,nderf,data\nderf\04835_beth-t-nde-9077.json,Restorative,2,True,False,True,not_your_time,no,no,yes_explicit,not_mentioned,not_mentioned,yes_explicit,implied,not_mentioned,implied
Ione B Probable NDE 9081,nderf,data\nderf\04837_ione-b-probable-nde-9081.json,Restorative,1,True,False,True,no_reason_given,yes_explicit,no,yes_explicit,not_mentioned,not_mentioned,not_mentioned,not_mentioned,not_mentioned,implied
Viki NDE 9121,nderf,data\nderf\04868_viki-nde-9121.json,Restorative,2,True,False,True,family_responsibility,no,not_mentioned,yes_explicit,not_mentioned,not_mentioned,implied,not_mentioned,not_mentioned,yes_explicit
Rachael C NDE 9125,nderf,data\nderf\04871_rachael-c-nde-9125.json,Restorative,2,True,False,True,family_responsibility,yes_explicit,not_mentioned,yes_explicit,not_mentioned,spiritual_realm,not_mentioned,explicit,not_mentioned,yes_explicit
Todd C NDEs 9232 NDE 9232,nderf,data\nderf\04935_todd-c-ndes-9232-nde-9232.json,Restorative,1,True,False,True,no_reason_given,implied,no,yes_explicit,not_mentioned,not_mentioned,not_mentioned,not_mentioned,not_mentioned,yes_explicit
Luis S Other 9257 NDE 9257,nderf,data\nderf\04952_luis-s-other-9257-nde-9257.json,Restorative,1,True,False,True,not_mentioned,implied,no,not_mentioned,not_mentioned,spiritual_realm,not_mentioned,explicit,not_mentioned,implied
Gary S NDE 9284,nderf,data\nderf\04970_gary-s-nde-9284.json,Restorative,2,True,False,True,not_your_time,not_mentioned,not_mentioned,yes_explicit,not_mentioned,not_mentioned,yes_explicit,not_mentioned,not_mentioned,implied
Nerise B NDE 9319,nderf,data\nderf\04991_nerise-b-nde-9319.json,Restorative,1,True,False,True,not_mentioned,implied,no,yes_explicit,not_mentioned,not_mentioned,not_mentioned,not_mentioned,none,yes_explicit
Isaiah J NDE 9368,nderf,data\nderf\05024_isaiah-j-nde-9368.json,Restorative,3,True,False,True,not_your_time,implied,no,yes_explicit,not_mentioned,spiritual_realm,yes_explicit,explicit,not_mentioned,implied
Dave C NDE 9380,nderf,data\nderf\05029_dave-c-nde-9380.json,Restorative,1,True,False,True,not_mentioned,not_mentioned,not_mentioned,yes_explicit,not_mentioned,not_mentioned,not_mentioned,not_mentioned,not_mentioned,implied
Sam P NDE 9392,nderf,data\nderf\05034_sam-p-nde-9392.json,Restorative,1,True,False,True,not_mentioned,not_mentioned,not_mentioned,yes_explicit,not_mentioned,not_mentioned,not_mentioned,not_mentioned,not_mentioned,yes_explicit
Gregory K NDE 9418,nderf,data\nderf\05051_gregory-k-nde-9418.json,Restorative,3,True,False,True,not_mentioned,not_mentioned,no,yes_explicit,not_mentioned,spiritual_realm,implied,explicit,not_mentioned,implied
Richard C Probable NDE 9439,nderf,data\nderf\05071_richard-c-probable-nde-9439.json,Restorative,1,True,False,True,not_your_time,implied,no,no,not_mentioned,not_mentioned,yes_explicit,not_mentioned,not_mentioned,implied
Sandra E NDE 9460,nderf,data\nderf\05085_sandra-e-nde-9460.json,Restorative,1,True,False,True,family_responsibility,no,not_mentioned,no,not_mentioned,spiritual_realm,not_mentioned,explicit,not_mentioned,yes_explicit
Melinda C NDE 9477,nderf,data\nderf\05095_melinda-c-nde-9477.json,Restorative,2,True,False,True,family_responsibility,yes_explicit,no,yes_explicit,not_mentioned,spiritual_realm,not_mentioned,explicit,not_mentioned,yes_explicit
Jeanne H NDE 9498,nderf,data\nderf\05111_jeanne-h-nde-9498.json,Restorative,0,True,False,False,not_your_time,yes_explicit,not_mentioned,no,not_mentioned,not_mentioned,not_mentioned,not_mentioned,not_mentioned,yes_explicit
Everly M Probable NDE 9617,nderf,data\nderf\05182_everly-m-probable-nde-9617.json,Restorative,2,True,False,True,no_reason_given,implied,no,yes_explicit,not_mentioned,not_mentioned,implied,no,not_mentioned,implied
Sarah W NDE 9631,nderf,data\nderf\05193_sarah-w-nde-9631.json,Restorative,3,True,False,True,other,yes_explicit,not_mentioned,yes_explicit,no_choice,spiritual_realm,yes_explicit,not_mentioned,not_mentioned,implied
Don M NDEs 9676 NDE 9676,nderf,data\nderf\05197_don-m-ndes-9676-nde-9676.json,Restorative,2,True,False,True,not_mentioned,not_mentioned,not_mentioned,yes_explicit,not_mentioned,not_mentioned,implied,not_mentioned,not_mentioned,yes_explicit
Nadia L STE 9712 NDE 9712,nderf,data\nderf\05241_nadia-l-ste-9712-nde-9712.json,Restorative,4,True,False,True,not_your_time,implied,no,yes_explicit,not_mentioned,spiritual_realm,yes_explicit,explicit,violent,yes_explicit
Steve D NDE 9722,nderf,data\nderf\05248_steve-d-nde-9722.json,Restorative,1,True,False,True,not_your_time,not_mentioned,no,yes_explicit,not_mentioned,not_mentioned,not_mentioned,not_mentioned,not_mentioned,implied
Rick NDE 9732,nderf,data\nderf\05255_rick-nde-9732.json,Restorative,1,True,False,True,no_reason_given,no,not_mentioned,not_mentioned,not_mentioned,spiritual_realm,not_mentioned,explicit,not_mentioned,yes_explicit
Jeff H STE 9740 NDE 9740,nderf,data\nderf\05262_jeff-h-ste-9740-nde-9740.json,Restorative,3,True,False,True,not_mentioned,implied,not_mentioned,yes_explicit,not_mentioned,spiritual_realm,yes_explicit,not_mentioned,not_mentioned,yes_explicit
Sorina M NDE 9796,nderf,data\nderf\05301_sorina-m-nde-9796.json,Restorative,2,True,False,True,family_responsibility,not_mentioned,not_mentioned,not_mentioned,not_mentioned,spiritual_realm,yes_explicit,explicit,not_mentioned,implied
Hailey O NDE 9825,nderf,data\nderf\05325_hailey-o-nde-9825.json,Restorative,1,True,False,True,not_mentioned,no,not_mentioned,not_mentioned,not_mentioned,not_mentioned,implied,not_mentioned,not_mentioned,implied
Gaby DC NDEs 9840 NDE 9840,nderf,data\nderf\05339_gaby-dc-ndes-9840-nde-9840.json,Restorative,2,True,False,True,family_responsibility,yes_explicit,no,yes_explicit,not_mentioned,spiritual_realm,not_mentioned,explicit,not_mentioned,yes_explicit
Ciara B NDE 9858,nderf,data\nderf\05350_ciara-b-nde-9858.json,Restorative,2,True,False,True,no_reason_given,not_mentioned,not_mentioned,yes_explicit,not_mentioned,not_mentioned,yes_explicit,not_mentioned,not_mentioned,yes_explicit
Zoila V NDE 9861,nderf,data\nderf\05353_zoila-v-nde-9861.json,Restorative,3,True,False,True,family_responsibility,no,no,yes_explicit,not_mentioned,spiritual_realm,yes_explicit,explicit,not_mentioned,yes_explicit
Bartosz K NDE 9898,nderf,data\nderf\05374_bartosz-k-nde-9898.json,Restorative,3,True,False,True,not_mentioned,no,no,yes_explicit,not_mentioned,spiritual_realm,implied,implied,not_mentioned,yes_explicit
Brad NDE 9912,nderf,data\nderf\05378_brad-nde-9912.json,Restorative,3,True,False,True,no_reason_given,implied,no,implied,not_mentioned,spiritual_realm,yes_explicit,explicit,unspecified,implied
MB STE 9996 NDE 9996,nderf,data\nderf\05435_mb-ste-9996-nde-9996.json,Restorative,4,True,False,True,not_mentioned,yes_explicit,no,yes_explicit,not_mentioned,spiritual_realm,yes_explicit,explicit,not_mentioned,yes_explicit
Marie M NDE 13023,nderf,data\nderf\05454_marie-m-nde-13023.json,Restorative,3,True,False,True,not_mentioned,not_mentioned,not_mentioned,yes_explicit,not_mentioned,spiritual_realm,yes_explicit,explicit,not_mentioned,yes_explicit
Rick D NDE 13044,nderf,data\nderf\05465_rick-d-nde-13044.json,Restorative,3,True,False,True,not_your_time,no,no,yes_explicit,not_mentioned,spiritual_realm,implied,explicit,violent,yes_explicit
Callum L NDE 13074,nderf,data\nderf\05484_callum-l-nde-13074.json,Restorative,0,True,False,False,not_mentioned,no,no,no,not_mentioned,not_mentioned,not_mentioned,no,natural,yes_explicit
Johnny F NDE 13081,nderf,data\nderf\05489_johnny-f-nde-13081.json,Restorative,3,True,False,True,not_your_time,implied,not_mentioned,yes_explicit,not_mentioned,spiritual_realm,yes_explicit,explicit,not_mentioned,yes_explicit
Brittany C NDE 13125,nderf,data\nderf\05514_brittany-c-nde-13125.json,Restorative,2,True,False,True,not_your_time,no,no,yes_explicit,not_mentioned,not_mentioned,yes_explicit,not_mentioned,not_mentioned,yes_explicit
Valda M STE 13176 NDE 13176,nderf,data\nderf\05543_valda-m-ste-13176-nde-13176.json,Restorative,1,True,False,True,family_responsibility,no,no,not_mentioned,not_mentioned,not_mentioned,implied,not_mentioned,not_mentioned,yes_explicit
Hayden D Others 13182 NDE 13182,nderf,data\nderf\05546_hayden-d-others-13182-nde-13182.json,Restorative,1,True,False,True,not_mentioned,no,not_mentioned,yes_explicit,not_mentioned,not_mentioned,not_mentioned,not_mentioned,not_mentioned,yes_explicit
Ms. Johnnie N 13216 NDE 13216,nderf,data\nderf\05574_ms-johnnie-n-13216-nde-13216.json,Restorative,1,True,False,True,not_mentioned,implied,no,not_mentioned,not_mentioned,spiritual_realm,not_mentioned,implied,not_mentioned,implied
Cougar NDE 62,nderf,data\nderf\10002_cougar-nde-62.json,Restorative,2,True,False,True,not_mentioned,not_mentioned,not_mentioned,not_mentioned,not_mentioned,spiritual_realm,yes_explicit,explicit,unspecified,yes_explicit
Universe Creation Vision 22 NDE 22,nderf,data\nderf\10057_universe-creation-vision-22-nde-22.json,Restorative,3,True,False,True,not_mentioned,not_mentioned,not_mentioned,yes_explicit,not_mentioned,not_mentioned,yes_explicit,not_mentioned,not_mentioned,yes_explicit
Karen S NDE 30,nderf,data\nderf\10058_karen-s-nde-30.json,Restorative,2,True,False,True,family_responsibility,implied,no,implied,not_mentioned,spiritual_realm,not_mentioned,explicit,not_mentioned,yes_explicit
Melanie SMR 138 NDE 138,nderf,data\nderf\12010_melanie-smr-138-nde.json,Restorative,4,True,False,True,not_mentioned,not_mentioned,not_mentioned,yes_explicit,not_mentioned,spiritual_realm,yes_explicit,not_mentioned,not_mentioned,implied
Bristol O NDE,nderf,data\nderf\13171_bristol-o-nde.json,Restorative,1,True,False,True,other,implied,no,not_mentioned,no_choice,not_mentioned,implied,not_mentioned,not_mentioned,implied
Valda M STE,nderf,data\nderf\13176_valda-m-ste.json,Restorative,0,True,False,False,family_responsibility,no,no,no,not_mentioned,not_mentioned,not_mentioned,not_mentioned,not_mentioned,yes_explicit
Hayden D Others,nderf,data\nderf\13182_hayden-d-others.json,Restorative,0,True,False,False,not_mentioned,not_mentioned,not_mentioned,not_mentioned,not_mentioned,not_mentioned,not_mentioned,not_mentioned,not_mentioned,implied
Sylvia W NDE 152,nderf,data\nderf\20053_sylvia-w-nde.json,Restorative,4,True,False,True,other,implied,no,yes_explicit,no_choice,spiritual_realm,yes_explicit,explicit,not_mentioned,yes_explicit
Эльза Э. (Elza E.),nderf,data\nderf\33044_elza-e.json,Restorative,3,True,False,True,not_mentioned,yes_explicit,no,yes_explicit,not_mentioned,spiritual_realm,yes_explicit,explicit,not_mentioned,yes_explicit
Scott S,nderf,data\nderf\33099_scott-s.json,Restorative,0,True,False,False,not_mentioned,not_mentioned,not_mentioned,not_mentioned,not_mentioned,not_mentioned,not_mentioned,not_mentioned,not_mentioned,yes_explicit
